en-d-001	cheerig	deletion	frequent-1-5000	cheering,cheerio,cheers,cheer,cheered,cherie,cheery	cheeking,cheeping,cheer,cheer's,cheered,cheerer,cheerier,cheerily,cheering,cheerio,cheerios,cheers,cheery,cheesing,cheri,cherie,sheering
en-d-002	joh	deletion	frequent-1-5000	jog,oh,job,john,ooh,joe,joy	jo,job,joe,jog,john,jon,josh,jot,joy,oh,ooh
en-d-003	slution	deletion	frequent-1-5000	solution,station,section,caution,sutton,suction,solutions	ablution,caution,dilution,elation,glutton,lotion,section,solution,solutions,station,suction,sutton
en-d-004	figur	deletion	frequent-1-5000	figure,four,fight,figured,finger,tiger,figures	augur,cigar,femur,fiber,ficus,fifer,fig,fig's,figaro,fight,figs,figure,figured,figures,filer,finer,finger,fir,firer,fiver,fixer,flour,four,fugue,fur,igor,niger,rigor,sigurd,tiger,timur,uighur,vigor
en-d-005	effectie	deletion	frequent-1-5000	effective,effect,effects,effected,effect's,effecting,effete	effect,effect's,effected,effecting,effective,effects,effete
en-d-006	sette	deletion	frequent-1-5000	settle,bette,settee,setter,sett,setts,see	bethe,bette,better,bettie,betty,bettye,butte,estate,etta,fetter,fettle,getty,hettie,jetted,jetty,kettle,latte,lethe,letter,matte,mete,mettle,musette,netted,netter,nettie,nettle,pete,petite,petted,petty,retie,rosette,sate,seat,seated,seato,seats,seattle,sect,sects,sedate,sedge,see,seethe,segre,segue,seine,seize,semite,semtex,senate,sense,sent,sept,septa,septet,sere,serge,serve,set,set's,seth,seton,sets,sett,settee,settees,setter,setters,settle,settled,settler,settles,setts,setup,sextet,site,sitter,skate,slate,smite,smote,spate,spite,state,ste,stet,stets,stetted,steve,suite,suttee,suzette,svelte,tsetse,vetted,wetter,yvette
en-d-007	stdied	deletion	frequent-1-5000	studied,died,tried,stayed,tied,studies,sadie	bodied,died,eddied,sadie,shied,sided,sidled,sited,skied,sodded,spied,staged,staid,stained,staked,staled,stared,stated,staved,stayed,stdio,steadied,steed,stewed,sties,stoked,stoned,stored,storied,stowed,stride,striped,studded,studied,studies,styled,stymied,tided,tidied,tied,tried
en-d-008	huning	deletion	frequent-1-5000	hunting,tuning,honing,having,running,during,using	awning,boning,bunging,bunin,bunking,bunting,burning,busing,buying,caning,chunking,churning,coning,cubing,cuing,cunning,curing,dining,duding,dunging,dunking,dunning,duping,during,fining,fuming,funding,funking,fusing,gunning,guying,haling,handing,hanging,haring,hating,hauling,haunting,having,hawing,haying,hazing,hewing,hexing,hiding,hieing,hiking,hing,hinging,hinting,hiring,hiving,hoeing,hoking,holing,homing,honing,honking,hoping,hosing,hounding,housing,huang,huffing,hugging,hulking,hulling,humming,humping,hunan,hunching,hung,hunting,hurling,hurting,hushing,husking,hying,hymning,hyping,inning,junking,kunming,lining,lubing,lunging,luring,mining,munging,musing,muting,nuking,outing,owning,phoning,pining,pruning,puking,puling,punning,punting,pwning,ruing,ruining,ruling,running,shining,shunning,shunting,suing,sunning,toning,tubing,tuning,turing,turning,using,waning,whining,wining,zoning
en-d-009	chage	deletion	frequent-1-5000	chafe,change,charge,chase,cage,chge,phage	adage,age,cadge,cage,caged,cages,cagey,cake,came,cane,cape,care,case,cave,cease,chad,chads,chafe,chafed,chafes,chaff,chain,chair,chaise,chalet,chalk,champ,chan,chance,chanel,chaney,chang,change,changed,changer,changes,chant,chaos,chap,chapel,chaps,char,chard,charge,charged,charger,charges,charm,chars,chart,chary,chase,chased,chaser,chases,chasm,chaste,chat,chats,chavez,che,chg,chge,chide,chile,chime,chine,chive,chloe,choke,chore,chose,chug,chugs,chute,chyme,clade,clare,crag,crags,crane,crape,crate,crave,craze,gage,hag,hags,hague,hake,hale,hare,hate,have,haze,huge,image,mage,osage,page,phage,phages,phase,rage,sage,shade,shag,shags,shake,shale,shame,shane,shape,share,shave,stage,thane,usage,wage,whale
en-d-010	twistd	deletion	frequent-1-5000	twists,twist,twisted,twisty,twister,twit,twixt	twined,twist,twist's,twisted,twister,twists,twisty,twit,twits,twitted,twixt,wised,wist
en-d-011	rie	deletion	frequent-1-5000	tie,rue,roe,ire,die,lie,ride	brie,die,erie,fie,hie,ie,ire,lie,pie,rae,re,ri,rib,rice,rid,ride,riel,rif,rife,rig,rile,rim,rime,rio,rip,ripe,rise,rite,riv,rive,roe,rte,rue,rye,tie,vie
en-d-012	commet	deletion	frequent-1-5000	commit,comment,comet,come,comes,common,combat	cermet,combat,combed,comber,come,comer,comes,comet,comets,comfit,comm,comma,commas,commend,comment,comments,commie,commies,commit,commits,common,commute,comped,compel,compete,comte,cornet,corset,cosset,covet,cowmen,grommet,pommel,rommel,somme
en-d-013	paie	deletion	frequent-1-5000	pair,pain,paid,page,pie,pale,paige	pace,page,paid,paige,pail,pain,paine,pair,pale,pane,pare,pate,pave,pie
en-d-014	afrad	deletion	frequent-1-5000	farad,afraid,ahead,fred,brad,award,fraud	abrade,abram,abroad,acrid,afar,affray,afr,afraid,afro,afros,agra,ahead,ahmad,aired,akkad,alfred,ara,arab,aral,arid,arras,array,assad,aura,aural,auras,award,brad,fad,farad,farads,fared,frag,fran,frat,frau,fraud,fray,fred,grad,norad,rad,trad
en-d-015	unsatisfid	deletion	frequency-5001-50000	unsatisfied	unsatisfied
en-d-016	mlo	deletion	frequency-5001-50000	mo,lo,milo,mao,moo,flo,ml	flo,lo,mao,milo,ml,mo,moo,plo
en-d-017	stubbe	deletion	frequency-5001-50000	stubble,stubby,stubbed,stable,stabbed,tube,stumble	snubbed,stabbed,stabber,stable,strobe,stub,stub's,stubbed,stubbier,stubble,stubbly,stubby,stubs,stumble,subbed,tubby,tube
en-d-018	stndish	deletion	frequency-5001-50000	standish,swedish,stylish,sunfish	standish,stylish,sunfish,swedish
en-d-019	reix	deletion	frequency-5001-50000	rex,reid,rein,remix,reit	reid,rein,reit,remix,rex
en-d-020	dm	deletion	frequency-5001-50000	fm,md,sm,do,am,um,em	adm,am,bm,cm,d,da,dam,db,dc,dd,de,dem,dh,di,dim,dj,dmd,dmz,do,dp,dr,du,dy,dz,em,fm,gm,hm,km,m,md,mm,nm,om,pm,qm,rm,sm,tm,um,wm
en-d-021	dansk	deletion	frequency-5001-50000	dank,gdansk,ask,days,dance,dark,bank	ans,ansi,ask,bank,banks,bans,bask,cans,canst,cask,da's,dabs,dads,dags,dais,daisy,damask,damns,dams,dan,dan's,dana,danaë,dance,dandy,dane,danes,dang,dangs,danish,dank,danny,dante,dark,darns,dash,dawns,days,deans,dens,dense,desk,dink,dins,disk,dons,drank,dunk,dunks,duns,dusk,fans,gansu,gdansk,hank,hanks,hans,kans,lank,mans,manse,mask,minsk,nanak,pans,pansy,rank,ranks,sank,sans,sask,tank,tanks,tans,tansy,task,vans,wank,wanks,yank,yanks
en-d-022	mausolem	deletion	frequency-5001-50000	mausoleum,mausoleums	mausoleum,mausoleums
en-d-023	cotemptible	deletion	frequency-5001-50000	contemptible,contemptibly	contemptible,contemptibly
en-d-024	sitco	deletion	frequency-5001-50000	sitcom,since,sit,sick,bitch,stick,site	aitch,bitch,cisco,disco,ditch,ditto,fitch,hitch,itch,ito,mitch,nitro,pitch,rico,sacco,sic,sick,sicko,sics,silo,since,sit,sitar,sitcom,sitcoms,site,sited,sites,sits,situ,snitch,soto,stick,stitch,switch,titch,tito,vito,witch
en-d-025	donky	deletion	frequency-5001-50000	dinky,donkey,donny,dorky,honky,wonky,don	bonk,bonks,bonny,bony,cocky,conk,conks,cony,dandy,dank,dankly,danny,denny,deny,dingy,dink,dinky,dock,docks,dodgy,doggy,doily,dolby,dolly,don,don's,don't,dona,donas,done,dong,dongs,donkey,donkeys,donn,donna,donne,donny,donor,dons,dopey,dork,dorks,dorky,dory,dotty,douay,dowdy,downy,dowry,dozy,ducky,dunk,dunks,dusky,funky,gonk,gonks,gorky,gunky,honey,honk,honks,honky,hooky,hunky,inky,kinky,kooky,lanky,manky,money,monk,monkey,monks,monty,nooky,only,poky,poncy,pony,porky,rocky,ronny,sonny,sony,tony,wonk,wonks,wonky,yonks
en-d-026	nrway	deletion	frequency-5001-50000	norway,noway,way,away,anyway,ray,pray	airway,amway,anyway,array,away,bray,byway,cray,dray,elway,fray,gray,nary,nay,newly,newsy,norway,noway,noways,nra,pray,ray,runway,rwy,sway,tray,way
en-d-027	folhardy	deletion	frequency-5001-50000	foolhardy	foolhardy
en-d-028	ataxcs	deletion	wordforms-unranked	ataxics,taxes,taxis,ajax's,ataxia,ataxic,ataxic's	ajax's,ataxia,ataxic,ataxic's,ataxics,attics,awacs,tax's,taxes,taxis
en-d-029	contrvance	deletion	wordforms-unranked	contrivance,connivance,contrivances	connivance,contrivance,contrivances
en-d-030	udism	deletion	wordforms-unranked	nudism,dish,disk,disc,dim,dis,autism	autism,cubism,deism,diam,diem,dim,dims,dis,disc,dish,disk,dist,idiom,ism,judaism,nudism,nudist,odis,odium,prism,purism,sadism,sufism,unis,uris,uzis
en-d-031	roisteres	deletion	wordforms-unranked	roistered,roisterer,roisterers,roisters,roosters,roaster's,roasters	roaster's,roasters,roister,roistered,roisterer,roisterer's,roisterers,roisters,rooster's,roosters,roster's,rosters
en-d-032	hbnobbing	deletion	wordforms-unranked	hobnobbing,bobbing,blobbing	blobbing,bobbing,hobnobbing
en-d-033	carbohydrte	deletion	wordforms-unranked	carbohydrate,carbohydrates	carbohydrate,carbohydrates
en-d-034	editabl	deletion	wordforms-unranked	editable	editable
en-d-035	malbombs	deletion	wordforms-unranked	mailbombs,mailbomb	mailbomb,mailbombs
en-d-036	nerringly	deletion	wordforms-unranked	unerringly,jarringly,jeeringly,searingly,sneeringly	jarringly,jeeringly,searingly,sneeringly,unerringly
en-d-037	discomposd	deletion	wordforms-unranked	discompose,discomposed,discomposes	discompose,discomposed,discomposes
en-d-038	outdistancin	deletion	wordforms-unranked	outdistancing,outdistance,outdistanced,outdistances	outdistance,outdistanced,outdistances,outdistancing
en-d-039	drex	deletion	wordforms-unranked	drew,rex,durex	drew,durex,rex
en-d-040	aggranizing	deletion	wordforms-unranked	aggrandizing	aggrandizing
en-d-041	kump	adjacent-substitution	frequent-1-5000	jump,lump,dump,pump,bump,hump,kemp	bump,dump,hump,jump,kemp,lump,pump,rump,sump,ump
en-d-042	existd	adjacent-substitution	frequent-1-5000	exists,exist,existed,exit,exits,exiled,sexist	excised,exiled,exist,existed,exists,exit,exited,exits,sexist,sexists
en-d-043	scid	adjacent-substitution	frequent-1-5000	acid,scud,said,sid,cid,skid,slid	acid,cid,said,scad,sci,scud,sid,skid,slid
en-d-044	punl	adjacent-substitution	frequent-1-5000	punk,pull,pun,puny,punt,puns,purl	pull,pun,punk,puns,punt,puny,purl
en-d-045	fpcus	adjacent-substitution	frequent-1-5000	focus,ficus,plus,faces,facts,fucks,fetus	ecus,faces,facts,feces,fetus,fichus,ficus,focus,fps,fuchs,fucks,locus,mucus,opus,pc's,pcs,pius,plus,pus
en-d-046	poyential	adjacent-substitution	frequent-1-5000	potential,potentials	potential,potentials
en-d-047	levture	adjacent-substitution	frequent-1-5000	lecture,gesture,feature,venture,lettuce,leisure,lectures	denture,feature,gesture,lecture,lectured,lecturer,lectures,leisure,lettuce,texture,venture
en-d-048	lsdy	adjacent-substitution	frequent-1-5000	lady,lsd	lady,lsd
en-d-049	stufy	adjacent-substitution	frequent-1-5000	study,stuff,stuffy,stay,story,stuck,staff	saucy,scuff,scurfy,snuff,soupy,spumy,stacy,staff,stagy,stay,stiff,stony,story,stray,stu,stu's,stub,stubby,stubs,stuck,stud,studly,studs,study,stuff,stuffs,stuffy,stump,stumpy,stun,stung,stunk,stuns,stunt,stupefy,sturdy,sty,sufi,suzy,tuft,turfy
en-d-050	wayching	adjacent-substitution	frequent-1-5000	watching,catching,washing,marching,matching,aching,patching	aching,arching,batching,caching,catching,hatching,latching,marching,matching,parching,patching,psyching,ranching,washing,watching,winching,witching
en-d-051	presrnts	adjacent-substitution	frequent-1-5000	presents,present,prevents,resents,present's,presets,presorts	present,present's,presents,presets,presorts,prevents,resents
en-d-052	rconomy	adjacent-substitution	frequent-1-5000	economy,roomy	economy,roomy
en-d-053	planrts	adjacent-substitution	frequent-1-5000	planets,plants,planet,plans,pants,parts,plant	pants,parts,peanuts,plaints,plaits,plan's,plane's,planer's,planers,planes,planet,planet's,planets,plank's,planks,plans,plant,plant's,planters,plants,plats,slants
en-d-054	enteref	adjacent-substitution	frequent-1-5000	entered,entire,enter,enters,centered,enteral,enteric	centered,enter,enteral,entered,enteric,enters,entire
en-d-055	crystald	adjacent-substitution	frequency-5001-50000	crystals,crystal,krystal,chrystal,crustal,crystal's	chrystal,crustal,crystal,crystal's,crystals,krystal
en-d-056	gangsterd	adjacent-substitution	frequency-5001-50000	gangsters,gangster,gangster's	gangster,gangster's,gangsters
en-d-057	plungef	adjacent-substitution	frequency-5001-50000	plunged,plunge,plunger,plunges,plugged,plunder,lunge	lunge,lunged,lunges,plugged,plunder,plunge,plunge's,plunged,plunger,plungers,plunges,plunked
en-d-058	stokrs	adjacent-substitution	frequency-5001-50000	stokes,storks,stokers,story,store,stars,storm	scours,smokers,smokes,soars,sours,spokes,spoors,stairs,stakes,stars,steers,stirs,stoats,stock's,stocks,stoics,stoke,stoked,stoker,stoker's,stokers,stokes,stoles,stomps,stoners,stones,stools,stoops,stop's,stops,store,stores,stork,stork's,storks,storm,storms,story,stoups,stouts,stoves,stows,strokes,tokes,tors,tours
en-d-059	cattwright	adjacent-substitution	frequency-5001-50000	cartwright	cartwright
en-d-060	creef	adjacent-substitution	frequency-5001-50000	creed,creep,creek,reef,cree,creel,crees	beef,breed,brief,careen,career,ceres,cerf,cheek,cheep,cheer,chef,chief,clef,creak,cream,crecy,cred,credo,cree,cree's,creed,creeds,creek,creeks,creel,creels,creep,creeps,creepy,crees,creme,cremes,creon,crepe,crepes,crept,cress,crest,crete,crew,crewed,crewel,crews,cried,crier,cries,cruel,cruet,free,freed,freer,frees,greed,greek,green,greer,greet,grief,preen,pref,reed,reef,reefs,reek,reel,ref,scree,screed,screen,screes,tree,treed,trees,xref
en-d-061	ramdall	adjacent-substitution	frequency-5001-50000	randall,randal,randell	randal,randall,randell
en-d-062	mcfarlanf	adjacent-substitution	frequency-5001-50000	mcfarland	mcfarland
en-d-063	oic	adjacent-substitution	frequency-5001-50000	pic,oil,vic,oi,mic,tic,sic	bic,mic,oi,oik,oil,orc,otc,pic,sic,tic,vic
en-d-064	catbide	adjacent-substitution	frequency-5001-50000	carbide,abide,carbine,candide,carbides,catbird,catbirds	abide,candide,carbide,carbides,carbine,catbird,catbirds,cathode,catlike
en-d-065	scropture	adjacent-substitution	frequency-5001-50000	scripture,sculpture,scriptures	scripture,scriptures,sculpture
en-d-066	avalpn	adjacent-substitution	frequency-5001-50000	avalon	avalon
en-d-067	dipkomacy	adjacent-substitution	frequency-5001-50000	diplomacy	diplomacy
en-d-068	hatchetd	adjacent-substitution	wordforms-unranked	hatchets,hatchet,hatched,watched,matched,hitched,patched	batched,hatcheck,hatched,hatchery,hatches,hatchet,hatchet's,hatchets,hitched,latched,matched,patched,ratchet,ratcheted,ratchets,thatched,watched
en-d-069	flippamtly	adjacent-substitution	wordforms-unranked	flippantly	flippantly
en-d-070	pennoms	adjacent-substitution	wordforms-unranked	pennons,pennies,penn's,pennon,pennon's,penny's,phenoms	penn's,pennies,pennon,pennon's,pennons,penny's,phenoms
en-d-071	staxic	adjacent-substitution	wordforms-unranked	ataxic,static,taxi,toxic,stain,stalin,taxis	ataxia,ataxic,ataxics,italic,satanic,slavic,staci,stacie,staid,stain,stair,stalin,stasis,static,statics,stoic,taxi,taxis,toxic
en-d-072	profiterple	adjacent-substitution	wordforms-unranked	profiterole,profiteroles	profiterole,profiteroles
en-d-073	grogman	adjacent-substitution	wordforms-unranked	frogman,roman,groan,goodman,brogan,frogmen,grumman	brogan,frogman,frogmen,goodman,groan,grumman,roman
en-d-074	nuskmelon	adjacent-substitution	wordforms-unranked	muskmelon,muskmelons	muskmelon,muskmelons
en-d-075	ftamer	adjacent-substitution	wordforms-unranked	framer,tamer,flamer,father,former,frame,farmer	amer,blamer,faker,fame,famed,farmer,father,fatter,fayer,firmer,flame,flamed,flamer,flamers,flames,foamed,foamier,former,frame,framed,framer,framers,frames,fraser,gamer,kramer,lamer,reamer,roamer,staler,stamen,stammer,stamper,starer,stater,stayer,steamer,taker,tame,tamed,tamer,tamera,tamers,tames,tamper,taper,taser,tater,taxer,timer
en-d-076	dilicons	adjacent-substitution	wordforms-unranked	silicons,silicon,silicone,silicon's	silicon,silicon's,silicone,silicons
en-d-077	thunderheaf	adjacent-substitution	wordforms-unranked	thunderhead,thunderheads	thunderhead,thunderheads
en-d-078	reprals	adjacent-substitution	wordforms-unranked	repeals,reveals,repeats,rentals,reprisals,repress,reals	reals,redials,redraws,rentals,repays,repeal,repeal's,repeals,repeats,repels,replays,repress,reprisals,reseals,resprays,retrials,reveals,sepals
en-d-079	ineligibled	adjacent-substitution	wordforms-unranked	ineligibles,ineligible,ineligible's,ineligibly	ineligible,ineligible's,ineligibles,ineligibly
en-d-080	pepim	adjacent-substitution	wordforms-unranked	pepin,penis,epic,pupil,pep,peril,pepsi	bedim,denim,epic,kepi,kepis,pei,penis,pep,pep's,pepin,peppy,peps,pepsi,pepsin,peptic,pepys,peril,perm,pewit,pipit,ppm,prelim,prim,pupil,purim,selim,sepia,tepid
en-d-081	faet	transposition	frequent-1-5000	fate,fart,feat,fact,fast,feet,fat	facet,fact,fart,fast,fat,fate,feat,feet,fret
en-d-082	recogniezd	transposition	frequent-1-5000	recognized,recognize,recognizes,recognizer	recognize,recognized,recognizer,recognizes
en-d-083	nady	transposition	frequent-1-5000	andy,lady,navy,nay,nagy,nary	andy,lady,nagy,nary,navy,nay
en-d-084	lmiit	transposition	frequent-1-5000	limit,list,lift,limits,lit,mint,legit	ambit,emit,legit,licit,lift,lii,lilt,limit,limits,lint,list,lit,lvii,lxii,milt,mint,mist,mit,mitt,omit
en-d-085	pleaes	transposition	frequent-1-5000	please,pleases,pleas,pleads,pleats,plea's,plebes	bleats,cleans,clears,cleats,cleaves,flea's,fleas,flees,flexes,gleams,gleans,lea's,leads,leafs,leaks,leans,leaps,leas,lease,leases,leaves,lees,paeans,pales,pea's,peaces,peaks,peals,pears,peas,pees,peeves,pekes,pieces,places,planes,plans,plates,plats,plays,plea,plea's,plead,pleaded,pleader,pleaders,pleads,pleas,please,pleased,pleases,pleat,pleat's,pleated,pleats,plebe,plebe's,plebes,plebs,pledges,pleiades,plexus,plies,plumes,pluses,poleaxes,sleazes
en-d-086	sympotms	transposition	frequent-1-5000	symptoms,symptom,symptom's	symptom,symptom's,symptoms
en-d-087	spekas	transposition	frequent-1-5000	speaks,speak,seas,spends,spells,spear,peas	operas,peaks,peas,pekes,seas,seeks,sneaks,spas,speak,speaks,spear,spears,spec's,speck's,specks,specs,speeds,spells,spends,sperms,spew's,spews,spikes,spokes,steaks
en-d-088	oslve	transposition	frequent-1-5000	solve,love,save,slave,solved,sole,olive	calve,delve,halve,helve,isle,love,ogle,olive,ollie,osage,oslo,salve,save,slave,sloe,slue,soave,sole,solve,solved,solver,solves,valve
en-d-089	uints	transposition	frequent-1-5000	units,pints,hints,mints,lints,quints,tints	ants,aunts,bents,bin's,binds,bins,bits,bunts,cants,cents,cunts,dents,diets,din's,dines,dings,dins,dint,dint's,faints,feints,fiats,fin's,finds,fines,finis,finks,finns,fins,fists,fits,flints,fonts,gents,giants,gifts,gilts,gin's,gins,girts,gits,glints,hilts,hinds,hines,hings,hint,hint's,hints,hits,hunts,in's,incs,ines,inks,inns,ins,inst,int,into,its,jilts,jinks,joints,kilts,kin's,kinds,kines,kings,kinks,kits,knits,lents,lifts,lilts,lin's,lines,lings,links,lint,lint's,lints,linty,linus,lists,milts,min's,minds,mines,minis,minks,minos,mint,mint's,mints,minty,minus,mists,mitts,nines,ninth,ninths,nits,nuts,oinks,paints,pants,pin's,pines,pings,pinks,pins,pint,pint's,pinto,pintos,pints,pits,pitts,points,prints,punts,quiets,quilts,quines,quins,quint,quint's,quints,quirts,quits,rants,rents,rifts,rinds,rings,rinks,riots,ruin's,ruins,runts,saints,sifts,silts,sin's,sines,sings,sinks,sins,sinus,sits,snits,squints,stints,suits,taints,tents,tilts,tin's,tines,tings,tins,tint,tint's,tints,tits,un's,unfits,unis,unit,unit's,unitas,unite,unites,units,unity,unto,urn's,urns,vents,vines,wants,wilts,win's,winds,wines,wings,winks,winos,wins,wits,yin's,zincs,zines,zings,zits
en-d-090	foriegn	transposition	frequent-1-5000	foreign,forego,noriega	forego,foreign,noriega
en-d-091	ulnike	transposition	frequent-1-5000	unlike,like,alike,unite,nike,ulnae,unalike	alike,like,nike,ulnae,unalike,unite,unlike,updike
en-d-092	bfi	transposition	frequent-1-5000	fbi,bi,bff,bf	bf,bff,bi,fbi
en-d-093	ufck	transposition	frequent-1-5000	fuck	fuck
en-d-094	alck	transposition	frequent-1-5000	lack,alack	alack,lack
en-d-095	confrims	transposition	frequency-5001-50000	confirms,confirm,conforms	confirm,confirms,conforms
en-d-096	lwaless	transposition	frequency-5001-50000	lawless,wales,flawless,legless,leafless,lidless,wale's	flawless,lawless,leafless,legless,lidless,wale's,wales,wales's,walesa
en-d-097	arayns	transposition	frequency-5001-50000	aryans,brains,trains,rains,rays,arabs,aryan	ara's,arab's,arabs,araby's,aral's,army's,array's,arrays,aryan,aryan's,aryans,brains,bray's,brays,cray's,crayons,crays,drains,dray's,drays,fray's,frays,grains,grans,gray's,grays,prawns,prays,rains,ray's,rays,trains,trans,tray's,trays
en-d-098	tolsl	transposition	frequency-5001-50000	tolls,toll,tell,told,till,roll,tells	atoll,atolls,boll,bolls,coll,cols,doll,dolls,foll,hols,holst,loll,lolls,moll,molls,poll,polls,pols,roll,rolls,sols,tall,tell,tells,tesl,till,tills,toast,toefl,toes,togs,toil,toils,told,tole,toll,toll's,tolls,toms,tomsk,tonal,tons,tonsil,tool,tools,tops,topsy,tors,torso,tosh,toss,total,tots,tousle,towel,tows,toys,troll,trolls,tull,tulsa,vols
en-d-099	peresvere	transposition	frequency-5001-50000	persevere,persevered,perseveres	persevere,persevered,perseveres
en-d-100	treracotta	transposition	frequency-5001-50000	terracotta	terracotta
en-d-101	tortrued	transposition	frequency-5001-50000	tortured,torture,tortures,torturer,torqued	torqued,torture,tortured,torturer,tortures
en-d-102	exhbiited	transposition	frequency-5001-50000	exhibited	exhibited
en-d-103	mtehodist	transposition	frequency-5001-50000	methodist,methodism,methodists	methodism,methodist,methodists
en-d-104	dominiuqe	transposition	frequency-5001-50000	dominique	dominique
en-d-105	omldy	transposition	frequency-5001-50000	moldy,only,old,molly,comedy,mold,moody	baldy,comedy,mold,molds,moldy,molly,moody,oddly,oily,old,only,orly
en-d-106	enduirng	transposition	frequency-5001-50000	enduring,enduing,ending,ensuring,ensuing	ending,enduing,enduring,ensuing,ensuring
en-d-107	arcial	transposition	frequency-5001-50000	racial,trial,social,arrival,martial,crucial,garcia	aerial,apical,aral,archival,arcing,areal,aria,arias,ariel,arrival,asocial,atrial,axial,crucial,facial,farcical,garcia,marcia,martial,partial,racial,radial,rial,social,trial,uncial
en-d-108	headscavres	transposition	wordforms-unranked	headscarves	headscarves
en-d-109	ergularize	transposition	wordforms-unranked	regularize,regularized,regularizes	regularize,regularized,regularizes
en-d-110	tattletlaes	transposition	wordforms-unranked	tattletales,tattletale,tattletale's	tattletale,tattletale's,tattletales
en-d-111	pyhlum	transposition	wordforms-unranked	phylum,plum,pablum	pablum,phylum,plum
en-d-112	niitio	transposition	wordforms-unranked	initio,nitro	initio,nitro
en-d-113	sororwing	transposition	wordforms-unranked	sorrowing,borrowing	borrowing,sorrowing
en-d-114	mimigrate	transposition	wordforms-unranked	immigrate,migrate,emigrate,mitigate,immigrated,immigrates,remigrate	emigrate,immigrate,immigrated,immigrates,migrate,mitigate,remigrate
en-d-115	fronbtenchers	transposition	wordforms-unranked	frontbenchers,frontbencher,frontbenches	frontbencher,frontbenchers,frontbenches
en-d-116	telescpoing	transposition	wordforms-unranked	telescoping	telescoping
en-d-117	nifedipien	transposition	wordforms-unranked	nifedipine	nifedipine
en-d-118	lsuicing	transposition	wordforms-unranked	sluicing,slicing,juicing,suiting,spicing	juicing,slicing,sluicing,spicing,suiting
en-d-119	preceptually	transposition	wordforms-unranked	perceptually	perceptually
en-d-120	pepperocrns	transposition	wordforms-unranked	peppercorns,peppercorn,peppercorn's	peppercorn,peppercorn's,peppercorns
en-d-121	mrr	repeated-character	frequent-1-5000	mr,mrs,err,mri,mar,mir,rr	arr,brr,err,mar,mfr,mgr,mir,mr,mri,mrs,orr,rr
en-d-122	elliie	repeated-character	frequent-1-5000	ellie,elliot,elaine,elite,ellis,ollie,elise	allie,elaine,elide,elise,elite,ellie,elliot,ellipse,ellis,eloise,elsie,kellie,nellie,ollie,wellie
en-d-123	exiit	repeated-character	frequent-1-5000	exist,exit,exact,exists,exhibit,exile,exits	edict,edit,elicit,eliot,emit,evict,exact,exalt,excite,exert,exhibit,exile,exilic,exist,exists,exit,exits,expat,ext,exult,lxii,sexist,xii,xiii,xxii,xxiii
en-d-124	paintt	repeated-character	frequent-1-5000	paint,paints,point,pain,pants,points,saint	ain't,dainty,faint,faints,pain,pain's,paine,pained,pains,paint,paint's,painted,painter,paints,paiute,pant,panto,pants,pint,pinto,pints,pitt,plaint,plaints,plinth,point,points,pointy,print,prints,saint,saints,taint,taints
en-d-125	biig	repeated-character	frequent-1-5000	biog,big,brig	big,biog,brig
en-d-126	lighht	repeated-character	frequent-1-5000	light,right,night,might,fight,eight,flight	alight,bight,blight,eight,eighth,fight,flight,light,lights,might,night,plight,right,sight,slight,tight,wight
en-d-127	drawinng	repeated-character	frequent-1-5000	drawing,drowning,drawings,draining,dawning,draping,drawling	dawning,draining,draping,drawing,drawings,drawling,drowning,prawning
en-d-128	wendyy	repeated-character	frequent-1-5000	wendy,windy,bendy,weedy,wend,wended,wendi	bendy,weedy,wend,wended,wendi,wends,wendy,wendy's,windy
en-d-129	shhape	repeated-character	frequent-1-5000	shape,share,shame,shake,shane,shave,shade	scrape,serape,shade,shake,shale,shame,shane,shape,shaped,shapes,share,sharpe,shave,sheave,shoppe
en-d-130	yyo	repeated-character	frequent-1-5000	yo,wyo	wyo,yo
en-d-131	bblonde	repeated-character	frequent-1-5000	blonde,blond,blondie,blondes,blonds,blondel,blonder	blond,blonde,blondel,blonder,blondes,blondie,blonds
en-d-132	testingg	repeated-character	frequent-1-5000	testing,testings,resting,texting,tasting,nesting,besting	besting,jesting,nesting,resting,tasting,tastings,tenting,testing,testings,texting,vesting
en-d-133	terroristss	repeated-character	frequent-1-5000	terrorists,terrorist's,terrorist,terrorism's	terrorism's,terrorist,terrorist's,terrorists
en-d-134	iinn	repeated-character	frequent-1-5000	inn,finn,jinn,minn	finn,inn,jinn,minn
en-d-135	rahh	repeated-character	frequency-5001-50000	rash,rah	rah,rash
en-d-136	sluumming	repeated-character	frequency-5001-50000	slumming,slamming,strumming,slimming,summing,scrumming,scumming	scrumming,scumming,slamming,slimming,slumming,slumping,strumming,summing
en-d-137	certt	repeated-character	frequency-5001-50000	cert,certs,cents,cart,cent,bert,brett	beret,bert,berta,berth,brett,carat,caret,cart,carts,catt,celt,celts,cent,cents,ceres,cerf,cermet,cert,certs,chert,corot,crept,crest,crete,crt,crts,curt,erst,hertz,merit,perot,pert,perth,sett,vert
en-d-138	mooll	repeated-character	frequency-5001-50000	moll,cool,fool,moon,roll,pool,model	atoll,boll,boole,coll,cool,coolly,cools,doll,droll,foll,fool,fools,knoll,loll,mall,mill,mobil,modal,model,mogul,moil,moils,mold,mole,moll,molls,molly,molt,moo,moo's,mooc,mooch,mood,moods,moody,mooed,moog,moon,moons,moor,moore,moors,moos,moose,moot,moots,moral,morel,mosul,motel,mull,poll,pool,poole,pools,roll,toll,tool,tools,troll,wool,woolf,woolly
en-d-139	sttonewall	repeated-character	frequency-5001-50000	stonewall,stonewalls	stonewall,stonewalls
en-d-140	ddislocation	repeated-character	frequency-5001-50000	dislocation,dislocations	dislocation,dislocations
en-d-141	unncalled	repeated-character	frequency-5001-50000	uncalled	uncalled
en-d-142	strokess	repeated-character	frequency-5001-50000	strokes,stroke's,stress,stroke,strikes,stokes,stroked	stokers,stokes,stokes's,stress,strike's,strikers,strikes,strobe's,strobes,stroke,stroke's,stroked,strokes
en-d-143	llicking	repeated-character	frequency-5001-50000	clicking,licking,flicking,slicking,picking,kicking,sticking	blacking,blinking,blocking,bricking,clacking,clicking,clinking,clocking,clucking,cricking,flecking,flicking,flocking,hoicking,kicking,lacking,licking,lickings,liking,linking,locking,lucking,nicking,picking,plucking,pricking,ricking,rollicking,sicking,slacking,slicing,slicking,slinking,snicking,sticking,ticking,tricking
en-d-144	resstrooms	repeated-character	frequency-5001-50000	restrooms,restroom,restroom's	restroom,restroom's,restrooms
en-d-145	liibya	repeated-character	frequency-5001-50000	libya,libby,libra,libyan	libby,libra,libya,libyan
en-d-146	densse	repeated-character	frequency-5001-50000	denise,dense,sense,jesse,tense,senses,demise	debase,defuse,demise,den's,dengue,denies,denis,denise,denote,dens,dense,denser,densest,dents,denude,depose,devise,ensue,hesse,jesse,lenses,menses,sense,senses,tense,tenses
en-d-147	dismantlingg	repeated-character	frequency-5001-50000	dismantling	dismantling
en-d-148	bberlins	repeated-character	wordforms-unranked	berlins,berlin,berlin's,oberlin,oberlin's	berlin,berlin's,berlins,oberlin,oberlin's
en-d-149	suunbath	repeated-character	wordforms-unranked	sunbath,sunbathe,sunbaths	sunbath,sunbathe,sunbaths
en-d-150	quaverinng	repeated-character	wordforms-unranked	quavering,quivering	quavering,quivering
en-d-151	cryyptically	repeated-character	wordforms-unranked	cryptically	cryptically
en-d-152	stylistiically	repeated-character	wordforms-unranked	stylistically	stylistically
en-d-153	aaccrediting	repeated-character	wordforms-unranked	accrediting	accrediting
en-d-154	templlates	repeated-character	wordforms-unranked	templates,template,template's	template,template's,templates
en-d-155	rrenames	repeated-character	wordforms-unranked	renames,grenades,renamed,rename,forenames,pregames	forenames,grenades,pregames,rename,renamed,renames
en-d-156	sscavenged	repeated-character	wordforms-unranked	scavenged,scavenger,scavenge,scavenges	scavenge,scavenged,scavenger,scavenges
en-d-157	tuubbiest	repeated-character	wordforms-unranked	tubbiest,chubbiest,grubbiest,nubbiest,stubbiest	chubbiest,grubbiest,nubbiest,stubbiest,tubbiest
en-d-158	titteredd	repeated-character	wordforms-unranked	tittered,littered,tattered,tottered,twittered,wittered	littered,tattered,tittered,tottered,twittered,wittered
en-d-159	cclimatologists	repeated-character	wordforms-unranked	climatologists,climatologist,climatologist's	climatologist,climatologist's,climatologists
en-d-160	ukaases	repeated-character	wordforms-unranked	ukases,ukase,ukase's	ukase,ukase's,ukases
en-d-161	haeven	insertion	frequent-1-5000	heaven,haven,have,even,happen,seven,helen	eleven,even,halve,halved,halves,hansen,happen,harden,harvey,hasten,have,havel,haven,havens,haves,hayden,heave,heaved,heaven,heavens,heaver,heaves,helen,keven,leaven,maven,raven,seven,shaven,steven,uneven
en-d-162	returninag	insertion	frequent-1-5000	returning	returning
en-d-163	creepoy	insertion	frequent-1-5000	creepy,creep,creeps,creeper,creep's,creepily	creep,creep's,creeper,creepily,creeps,creepy
en-d-164	barxn	insertion	frequent-1-5000	barn,baron,born,bar,brain,burn,warn	aaron,aron,bacon,baden,bairn,ban,bar,bar's,barb,barbs,bard,bards,bare,bared,barer,bares,barf,barfs,barge,baring,bark,barks,barman,barmen,barmy,barn,barns,baron,barons,barony,barr,barre,barren,barron,barry,bars,bart,barth,barton,baryon,basin,baton,bern,born,boron,brain,bran,brawn,burn,byron,daren,darin,darn,earn,karen,karin,karyn,marin,marx,saran,tarn,warn,yaren,yarn
en-d-165	solmo	insertion	frequent-1-5000	solo,some,sold,solve,solid,solar,sole	colo,como,elmo,folio,homo,oleo,oslo,polio,polo,salmon,salvo,schmo,selma,silo,sodom,soho,sol,sol's,solar,sold,sole,soled,solemn,soles,solid,solis,solo,solomon,solon,solos,sols,solve,some,somme,soto,sumo,volvo
en-d-166	intelliqgent	insertion	frequent-1-5000	intelligent	intelligent
en-d-167	kno	insertion	frequent-1-5000	no,know,knot,ko,knox,knob,ono	kano,keno,kn,knob,knot,know,knox,ko,no,ono
en-d-168	alicce	insertion	frequent-1-5000	alice,alive,alike,alicia,slice,lice,apiece	alice,alicia,alike,aline,alive,alsace,alyce,apiece,lice,malice,slice
en-d-169	corbner	insertion	frequent-1-5000	corner,coroner,corners,conner,cobbler,corned,costner	cobber,cobbler,coiner,comber,combiner,conner,corbel,corer,corine,corker,cornea,corned,corner,corners,cornet,cornier,coroner,coroners,coronet,costner,crooner,scorner
en-d-170	dlorothy	insertion	frequent-1-5000	dorothy,dorthy	dorothy,dorthy
en-d-171	vinkcent	insertion	frequent-1-5000	vincent	vincent
en-d-172	infeormed	insertion	frequent-1-5000	informed,informer,inferred,unformed	inferred,informed,informer,unformed
en-d-173	arripval	insertion	frequent-1-5000	arrival,arrivals	arrival,arrivals
en-d-174	pratients	insertion	frequent-1-5000	patients,patient,patents,gradients,patient's	gradients,patents,patient,patient's,patients
en-d-175	crhichi	insertion	frequency-5001-50000	chichi,chichis	chichi,chichis
en-d-176	unxrest	insertion	frequency-5001-50000	unrest,undress,untruest	undress,unrest,untruest
en-d-177	binas	insertion	frequency-5001-50000	bias,bins,binds,bin's,final,rings,birds	baas,ban's,banal,bands,banes,bangs,banks,banns,bans,beans,beings,ben's,bends,bents,betas,bi's,bia,bias,bib's,bibs,bic's,bid's,bides,bids,biers,biffs,bikes,bilks,bills,bin,bin's,binary,bind,bind's,binds,binge,binges,bingo,binman,bins,bio's,bios,birds,bis,bit's,bites,bits,biz's,blinds,blinis,blinks,boas,boinks,bolas,bonds,bones,bongs,bonks,bonus,bras,brings,brinks,bun's,bungs,bunks,buns,bunts,dias,din's,dina,dina's,dinah,dinar,dinars,dines,dings,dins,divas,donas,fin's,final,finals,finds,fines,finis,finks,finns,fins,gin's,gina,gina's,gins,hinds,hines,hings,hints,in's,ina,ina's,incas,incs,ines,inks,inns,ins,iras,jinan,jinks,jonas,kin's,kinase,kinds,kines,kings,kinks,lin's,lina,lina's,lines,lings,links,lints,linus,midas,min's,minds,mines,minis,minks,minos,mints,minus,mynas,nina,nina's,nines,ninjas,oinks,pin's,pines,pings,pinks,pins,pints,pitas,rinds,rings,rinks,rivas,silas,sin's,sinai,sines,sings,sinks,sins,sinus,tin's,tina,tina's,tines,tings,tins,tints,tunas,vines,visas,vivas,win's,winds,wines,wings,winks,winos,wins,xians,yin's,zincs,zines,zings
en-d-178	siunai	insertion	frequency-5001-50000	sinai,signal,sauna,sunni,saunas	sauna,saunas,signal,sinai,sunni
en-d-179	azaleads	insertion	frequency-5001-50000	azaleas,azalea's,azalea	azalea,azalea's,azaleas
en-d-180	pulverizye	insertion	frequency-5001-50000	pulverize,pulverized,pulverizes	pulverize,pulverized,pulverizes
en-d-181	claisr	insertion	frequency-5001-50000	clair,class,chair,claire,claim,claims,claus	blair,calais,chair,chairs,chaise,claim,claimer,claims,clair,clair's,claire,clamor,clams,clans,claps,clash,clasp,class,classy,claus,clause,clavier,claws,clayier,flair,flairs,lair,lairs,éclair,éclairs
en-d-182	gwaxy	insertion	frequency-5001-50000	waxy,way,away,gay,gary,gray,galaxy	away,galaxy,gamy,gary,gawky,gay,glaxo,grady,gravy,gray,sway,wary,wavy,wax,waxy,way
en-d-183	stradnded	insertion	frequency-5001-50000	stranded,strained,straddled	straddled,strained,stranded
en-d-184	cobmmentary	insertion	frequency-5001-50000	commentary	commentary
en-d-185	edgivng	insertion	frequency-5001-50000	edging,egging,edgings,hedging,wedging	edging,edgings,egging,hedging,wedging
en-d-186	ethiqcal	insertion	frequency-5001-50000	ethical	ethical
en-d-187	coikes	insertion	frequency-5001-50000	cokes,comes,likes,voices,jokes,crimes,cries	bikes,cakes,chides,chimes,chines,chives,choices,chokes,cites,climes,coaxes,cock's,cocked,cockles,cocks,codes,codices,coif's,coifs,coil's,coiled,coils,coin's,coined,coiner,coiners,coins,coitus,coke,coke's,coked,cokes,comes,cones,conk's,conked,conker,conkers,conks,conses,cook's,cooke,cooke's,cooked,cooker,cookers,cookies,cooks,copes,copies,copses,cores,cork's,corked,corker,corkers,corks,cortes,coshes,cosines,cotes,coupes,coves,coxes,cozies,cries,crikey,crimes,cripes,crises,crookes,dikes,hikes,hokes,jokes,kikes,likes,mikes,moires,moises,noises,oiks,pikes,poises,pokes,spikes,tokes,trikes,voices,yikes,yokes
en-d-188	unawssisted	insertion	wordforms-unranked	unassisted	unassisted
en-d-189	unmissabdle	insertion	wordforms-unranked	unmissable	unmissable
en-d-190	uynman	insertion	wordforms-unranked	unman,gunman,lyman,conman,binman,feynman,penman	binman,conman,feynman,gunman,lyman,penman,unman,unmans,yunnan
en-d-191	statehoguse	insertion	wordforms-unranked	statehouse,statehouses	statehouse,statehouses
en-d-192	svuntanned	insertion	wordforms-unranked	suntanned,untanned	suntanned,untanned
en-d-193	ludgsails	insertion	wordforms-unranked	lugsails,lugsail,lugsail's	lugsail,lugsail's,lugsails
en-d-194	amplitfudes	insertion	wordforms-unranked	amplitudes,amplitude,amplitude's	amplitude,amplitude's,amplitudes
en-d-195	defaroster	insertion	wordforms-unranked	defroster,defrosted,defrosters	defrosted,defroster,defrosters
en-d-196	flubbiing	insertion	wordforms-unranked	flubbing,clubbing	clubbing,flubbing
en-d-197	drugugists	insertion	wordforms-unranked	druggists,druggist,druggist's	druggist,druggist's,druggists
en-d-198	vvaped	insertion	wordforms-unranked	vaped,raped,shaped,taped,draped,leaped,caped	aped,caped,draped,evaded,gaped,heaped,japed,leaped,raped,reaped,shaped,soaped,taped,vamped,vape,vaped,vapes,vapid
en-d-199	speakerphbones	insertion	wordforms-unranked	speakerphones,speakerphone	speakerphone,speakerphones
en-d-200	enroylling	insertion	wordforms-unranked	enrolling,unrolling	enrolling,unrolling
en-d-201	tgeatd	two-edits	frequent-1-5000	treat,treated,treats,treaty,tread,teat,teats	teat,teats,tread,treat,treated,treats,treaty
en-d-202	jnthny	two-edits	frequent-1-5000	anthony,antony	anthony,antony
en-d-203	oniess	two-edits	frequent-1-5000	ones,unless,confess,noises,onions,ponies,obsess	boniest,boniness,confess,gneiss,monies,noises,obsess,ogress,once's,one's,oneness,ones,onions,onsets,onuses,oriels,osiers,ponies,toniest,unless
en-d-204	khrne	two-edits	frequent-1-5000	three,phone,karen,shine,throne,shane,khan	borne,chine,hone,horne,kane,karen,kern,kernel,khan,khans,kine,kline,krone,marne,phone,rhine,rhone,shane,shine,shone,shrine,thane,thine,three,throe,throne,verne,whine
en-d-205	unhel	two-edits	frequent-1-5000	until,under,uncle,angel,tunnel,intel,kneel	angel,bushel,ethel,funnel,gunnel,intel,kneel,nhl,noel,runnel,sahel,tunnel,umbel,uncle,under,unfed,unholy,unmet,unreal,unreel,unseal,unset,until,unveil,unwed,unwell,upheld,uriel,usher
en-d-206	kruse	two-edits	frequent-1-5000	ruse,cruse,house,use,true,trust,cause	abuse,amuse,arise,arose,arouse,bruce,bruise,brush,brute,cause,crude,cruise,cruse,cruses,crush,crusoe,crust,curse,douse,drupe,duse,erase,erse,fuse,grouse,grue,grues,grus,house,kluge,kr's,kresge,kris,krone,kruger,krupp,louse,meuse,mouse,muse,nurse,pause,peruse,prose,prude,prune,purse,reuse,rise,rose,rouse,rube,rude,rue,rues,rule,rune,ruse,ruses,rush,rusk,russ,rust,souse,suse,truce,true,trues,truss,trust,use
en-d-207	crnpt	two-edits	frequent-1-5000	crypt,crept,crap,script,cunt,cent,craft	can't,canst,cant,capt,carnot,cent,cont,cornet,craft,crap,crape,craps,crepe,crept,crest,croat,croft,crop,crops,crt,cruet,cruft,crust,crypt,crypts,cunt,ernst,erupt,rapt,rcpt,script
en-d-208	syghig	two-edits	frequent-1-5000	sighing	sighing
en-d-209	pekalt	two-edits	frequent-1-5000	penalty,dealt,pedal,petals,penal,pelt,pedals	dealt,dekalb,desalt,exalt,peal,peale,peals,peat,pedal,pedalo,pedals,pedant,pelt,penal,penalty,petal,petals
en-d-210	tstrfy	two-edits	frequent-1-5000	testify,stray,astray,turfy	astray,stray,testify,turfy
en-d-211	adisa	two-edits	frequent-1-5000	alisa,lisa,dish,daisy,advise,asia,aids	ad's,ada,adana,adas,adds,adela,adidas,adieu,adiós,ads,advise,aida,aids,ais,aisha,akita,akiva,alias,alisa,alisha,alissa,amiga,amish,amiss,anise,anita,apia,apish,aria,arias,arise,asia,avila,avis,axis,dais,daisy,dias,dina,dis,disc,dish,disk,dist,diva,elisa,lisa,luisa,marisa,nadia,odis,pisa,radish,sadism,sadist,visa,wadis
en-d-212	lited	two-edits	frequent-1-5000	kited,lived,liked,lied,lifted,lined,listed	acted,aided,ailed,aimed,aired,anted,baited,bated,biked,biped,bite,biter,bites,blitzed,cite,cited,cites,dated,diced,died,dieted,diked,dined,dived,doted,edited,elated,elided,elite,elites,exited,fated,feted,filed,fined,fired,fitted,fixed,flied,flirted,flitted,fluted,gated,gibed,gifted,girted,gite,gites,glided,glinted,hated,hided,hied,hiked,hinted,hired,hived,iced,ied,it'd,item,jibed,jilted,jived,kilted,kite,kited,kites,kitted,laced,laded,lamed,lased,lasted,late,later,latex,lathed,laved,lazed,led,libel,lice,licked,lid,lidded,lie,lied,lief,lien,lies,lieu,life,lifer,lifted,lifter,ligated,lighted,like,liked,liken,liker,likes,lilted,lime,limed,limes,limey,limited,limned,limped,lind,line,lined,linen,liner,lines,linked,linted,lintel,lipid,lipped,lire,lisped,listed,listen,lister,lit,lite,liter,liters,lithe,lither,litter,live,lived,liven,liver,lives,livid,lobed,lofted,loiter,looted,loped,loved,lowed,ltd,lubed,lured,lusted,lute,lutes,mated,meted,miked,milted,mimed,mined,minted,mired,misted,mite,miter,mites,mixed,muted,niter,nixed,noted,oiled,opted,outed,pied,piked,piled,pined,piped,pitied,pitted,plaited,plated,plied,rated,riced,rifted,riled,rimed,rioted,rite,rites,rived,sated,sided,sifted,silted,sired,site,sited,sites,sized,slated,sliced,spited,suited,ted,tided,tied,tiled,tilted,timed,tinted,tired,tithed,titled,toted,united,viced,vied,vised,voted,waited,whited,wiled,wilted,wined,wiped,wired,wised,withed,witted,wived
en-d-213	perspetipe	two-edits	frequent-1-5000	perspective	perspective
en-d-214	batxn	two-edits	frequent-1-5000	baton,bath,eaten,bat,beaten,batman,latin	attn,bacon,baden,bairn,ban,barn,baron,barton,basin,bat,bat's,bataan,batch,bate,bated,bates,bath,bathe,baths,batik,bating,batman,batmen,baton,batons,bats,batten,batty,batu,beaten,eaten,eaton,gatun,latin,oaten,satan,satin
en-d-215	distribtiwg	two-edits	frequency-5001-50000	distributing	distributing
en-d-216	cliua	two-edits	frequency-5001-50000	club,lisa,china,clue,climb,cliff,cloud	alisa,celia,celina,chiba,china,cia,cilia,cilium,clara,claus,click,cliff,clii,climax,climb,clime,cline,cling,clink,clint,clio,clip,clips,clique,clit,clits,clive,clix,cloud,clout,club,clue,elisa,eliza,ilia,ilium,lila,lima,lina,lira,lisa,liza
en-d-217	mzndoa	two-edits	frequency-5001-50000	mendoza	mendoza
en-d-218	zmbrela	two-edits	frequency-5001-50000	umbrella	umbrella
en-d-219	hompetitve	two-edits	frequency-5001-50000	competitive	competitive
en-d-220	viiulen	two-edits	frequency-5001-50000	virulent	virulent
en-d-221	juied	two-edits	frequency-5001-50000	juiced,used,died,tried,quiet,build,lied	build,buried,bused,busied,cried,cubed,cued,cured,died,dried,duded,duped,flied,fried,fumed,fused,guide,guided,guild,guyed,hied,hued,ied,ivied,jaded,jailed,japed,jared,jawed,jed,jibed,jived,joined,joked,joyed,judd,jude,judea,judged,jugged,juice,juiced,juicer,juices,juicy,julep,jules,julie,julies,juliet,jumped,june,junes,junked,juries,jute,jutted,lied,lubed,lured,mused,muted,nuked,outed,pied,plied,pried,puked,puled,quid,quiet,rued,ruined,ruled,shied,skied,spied,sued,suited,tied,tried,tubed,tuned,used,vied
en-d-222	weered	two-edits	frequency-5001-50000	veered,peered,jeered,leered,weeded,weened,where	beefed,beeped,cheered,deeded,deemed,deere,eared,erred,feared,fevered,geared,heeded,heeled,jeered,keeled,keened,leered,levered,metered,neared,needed,peeked,peeled,peeped,peered,peeved,petered,queered,reared,reefed,reeked,reeled,revered,seared,seeded,seemed,seeped,severed,sheered,sneered,steered,teared,teemed,tiered,tweeted,veered,wagered,warred,watered,wavered,we're,weaned,wearer,wearied,weaved,webbed,wedded,wedged,weed,weeded,weeder,weekend,weened,weeper,weer,weird,welded,welled,welted,weltered,wended,were,wheeled,wheezed,where,wheres,wired
en-d-223	mxnifod	two-edits	frequency-5001-50000	manifold	manifold
en-d-224	cinematgrnphy	two-edits	frequency-5001-50000	cinematography	cinematography
en-d-225	eeied	two-edits	frequency-5001-50000	need,died,tried,needed,weird,seemed,lied	beefed,beeped,belied,ceded,cried,deced,deed,deeded,deemed,defied,deiced,denied,died,dried,eared,eased,ebbed,eddied,edged,edited,eerie,eerier,effed,egged,eked,elide,elided,embed,ended,enid,envied,erie,erred,espied,evened,exiled,exited,eyed,feed,feted,flied,fried,geed,heed,heeded,heeled,hewed,hexed,hied,ied,ivied,jeered,keeled,keened,keyed,leered,levied,lied,meed,meier,meted,mewed,need,needed,peed,peeked,peeled,peeped,peered,peeved,pied,plied,pried,reed,reefed,reeked,reeled,reid,reined,relied,retied,rewed,seed,seeded,seemed,seeped,seined,seized,sewed,sexed,shied,skied,spied,teed,teemed,tied,tried,veered,veiled,veined,vexed,vied,weed,weeded,weened,weird
en-d-226	uevre	two-edits	frequency-5001-50000	here,were,never,ever,serve,eve,fever	deere,eire,ere,eve,ever,eyre,fever,genre,gere,here,levee,lever,mere,nerve,never,oeuvre,revere,revue,segre,sere,serve,sever,severe,verve,we're,were
en-d-227	stunew	two-edits	frequency-5001-50000	stone,stones,tune,stunt,stew,stoned,tuned	itunes,sinew,stew,stine,stone,stoned,stoner,stones,strew,stun,stung,stunk,stunned,stunner,stuns,stunt,stunted,stunts,tune,tuned,tuner,tunes
en-d-228	uorng	two-edits	wordforms-unranked	going,doing,long,wrong,young,song,born	bong,borg,boring,born,borne,cong,coring,corn,corns,corny,doing,dong,going,gong,goring,hong,horn,horne,horns,horny,kong,long,lorn,lorna,morn,morns,oreg,org,orig,pong,poring,porn,porno,prong,rung,song,tong,torn,urn,urns,using,wong,worn,wrong,yong,young,zorn
en-d-229	ballateg	two-edits	wordforms-unranked	ballasted,balloted	ballasted,balloted
en-d-230	cuquettig	two-edits	wordforms-unranked	coquetting	coquetting
en-d-231	esyrel	two-edits	wordforms-unranked	eyre,kestrel	eyre,kestrel
en-d-232	ejocting	two-edits	wordforms-unranked	ejecting,rejecting,exacting,electing,evicting,dejecting,emoting	dejecting,ejecting,electing,emoting,enacting,erecting,eructing,evicting,exacting,jolting,jotting,rejecting
en-d-233	rairsbreath	two-edits	wordforms-unranked	hairsbreadth	hairsbreadth
en-d-234	dijesteeme	two-edits	wordforms-unranked	disesteem,disesteemed,disesteems	disesteem,disesteemed,disesteems
en-d-235	matrilies	two-edits	wordforms-unranked	matrices,matricides,maturities	matrices,matricides,maturities
en-d-236	cahuse	two-edits	wordforms-unranked	cause,cayuse,case,caused,chase,chose,abuse	abuse,accuse,amuse,camus,canute,carouse,caruso,case,cause,caused,causer,causes,cayuse,cayuses,chaise,chase,chose,chute,clause,cruse,pause
en-d-237	lalette	two-edits	wordforms-unranked	palette,layette,latte,lynette,colette,gazette,paulette	cadette,colette,gazette,janette,lafitte,latte,layette,layettes,lynette,nanette,palette,palettes,paulette
en-d-238	ceiebrum	two-edits	wordforms-unranked	cerebrum,cerebrums	cerebrum,cerebrums
en-d-239	eggupu	two-edits	wordforms-unranked	eggcup,eggcups	eggcup,eggcups
en-d-240	misdaggosis	two-edits	wordforms-unranked	misdiagnosis	misdiagnosis
