es-d-001	sl	deletion	frequent-1-5000	al,el,se,sí,si,su,él	al,cl,el,pl,s,sal,se,sel,si,sil,so,sol,sr,ss,su,sé,sí,él
es-d-002	indi	deletion	frequent-1-5000	indo,india,indio,hindi,inda,inri	hindi,inda,india,indio,indo,inri
es-d-003	uo	deletion	frequent-1-5000	yo,no,lo,un,o,uno,uh	do,fo,jo,lo,no,o,ro,so,to,u,ud,ue,uf,ufo,uh,un,uno,upo,ur,uro,uso,uy,uzo,uño,yo
es-d-004	puieron	deletion	frequent-1-5000	pusieron,pudieron,pulieron,punieron,quiero,quieren,fueron	apusieron,asieron,cupieron,cusieron,dieron,frieron,fueron,guiaron,hubieron,huyeron,juñeron,lucieron,ludieron,luyeron,mugieron,murieron,musieron,muñeron,olieron,opusieron,pacieron,parieron,peyeron,piaron,pidieron,puaron,pudieran,pudieren,pudieron,pudrieron,pujaron,pulieran,pulieren,pulieron,pungieron,punieran,punieren,punieron,puparon,purearon,purrieron,pusieran,pusieren,pusieron,putearon,putero,puteros,quieran,quieren,quiero,rieron,rugieron,subieron,sumieron,supieron,tupieron,tuvieron,unieron,uñeron,vieron,zuñeron
es-d-005	juni	deletion	frequent-1-5000	junio,jusi	junio,jusi
es-d-006	bail	deletion	frequent-1-5000	baile,baila,baúl,bailo,bailé,bailó,badil	badil,baila,baile,bailo,bailé,bailó,baúl
es-d-007	hcías	deletion	frequent-1-5000	hacías,cías,huías,has,días,horas,hagas	actas,adías,alías,asías,avías,bacías,caías,ceas,chas,coas,cocías,crías,cía,cían,cías,cíes,dchas,decías,días,echas,ecuas,elías,encías,erías,frías,fías,guías,habas,habías,hacas,hachas,hacía,hacíais,hacían,hacías,hadas,hagas,halas,harías,has,hayas,hazas,hechas,hedías,herías,heñías,hicsas,hifas,higas,hijas,hilas,hipas,hitas,hiñas,hiñías,hnas,hojas,hopas,horas,hoyas,hozas,huchas,humas,hunas,huras,hutas,hutías,huyas,huía,huíais,huían,huías,huís,irías,leías,lucías,luías,lías,mecías,muías,mías,nacías,nías,ocas,ocias,olías,oías,pacías,peías,pías,quías,raías,reías,rocías,roías,rías,sías,trías,tías,uncías,unías,uñías,vacías,veías,vías,yacías
es-d-008	violenca	deletion	frequent-1-5000	violencia,violenta,violento,violeta,violentas,violen,villena	villena,vinolenta,violen,violencia,violencias,violenta,violentad,violentan,violentar,violentas,violente,violento,violenté,violentó,violeta,virolenta
es-d-009	maando	deletion	frequent-1-5000	amando,manado,mando,matando,meando,macando,majando	ajando,amado,amagando,amando,amaneo,amanso,amanto,amarando,amasando,amañando,ando,apando,arando,armando,asando,atando,bagando,bajando,balando,bando,basando,bañando,blando,cagando,calando,cando,capando,casando,catando,cavando,cazando,ciando,cuando,dando,datando,dañando,emanado,emanando,empando,erando,fajando,fañando,fiando,gafando,ganado,ganando,gayando,halando,imanado,imanando,izando,jalando,jamando,jasando,lanado,lavando,laxando,layando,lazando,lañando,liando,loando,macado,macando,maceando,machando,maganto,magno,majado,majando,majano,maleando,mallando,malvando,mamado,mamando,manad,manada,manado,manados,manando,manato,mancado,mancando,manco,manda,mandado,mandando,mande,mando,mandos,mandé,mandó,maneado,maneando,maneo,mangado,mangando,mango,manido,mano,manso,manto,mapeando,marcando,mareando,margando,marido,marrando,masado,masando,mascando,matado,matando,mateando,maulando,mayado,mayando,mayeando,mayido,mazado,mazando,maznado,maznando,mazno,mañaneo,mañeando,meado,meando,meandro,melando,menado,menando,merando,mesando,miado,miagando,miando,miañando,migando,mimando,minado,minando,mirando,misando,mocando,mofando,mojando,molando,mondo,morando,mudando,mugando,mundo,murando,mutando,nadando,orando,osando,ovando,pagando,panado,pando,papando,parando,pasando,piando,puando,rajando,rapando,rasando,rayando,ruando,sacando,sajando,salando,sanado,sanando,tajando,talando,tapando,tarando,tasando,tazando,tañando,toando,upando,usando,vacando,vagando,vahando,varando,zafando,zapando,zarando
es-d-010	cosó	deletion	frequent-1-5000	cosa,casó,costó,coló,acosó,coso,posó	acosó,casó,cesó,cocó,coló,copó,cosa,coscó,cose,cosió,coso,costó,cosí,fosó,losó,osó,posó,rosó
es-d-011	caina	deletion	frequent-1-5000	vaina,china,camina,cabina,caiga,cana,canina	abina,achina,actina,acuna,afina,amaina,amina,ana,anna,arna,asina,asna,atina,aúna,badina,baena,baila,bina,boina,cabida,cabila,cabina,cabinas,cabra,cabía,caca,cacea,cacha,cacica,cada,cadena,caen,caga,cagan,caiga,caigan,caigas,caigo,caja,cajiga,cala,calan,calca,calcina,calda,califa,calima,calina,calinas,caliza,calla,calma,calva,calza,cama,camba,camina,caminad,caminan,caminar,caminas,camine,camino,caminé,caminó,camisa,camita,campa,can,cana,canal,canana,canas,canda,canea,canga,canica,canija,canina,caninas,canino,cano,canoa,cansa,cansina,canta,cantina,caoba,capa,capan,capea,capona,cappa,caprina,capta,cara,carba,carca,carda,carea,carena,carga,caria,cariña,carla,carlina,carnal,carne,carné,carpa,carra,carta,caría,casa,casan,casca,casia,casina,casinas,casino,casita,casona,caspa,casta,castina,cata,catan,catana,catea,cauda,causa,cauta,cava,cavan,cavila,cayena,caza,cazan,caía,caían,caída,caín,caña,cañea,cañiza,cecina,ceiba,cena,cenia,cerna,chacina,chaira,chalina,chica,china,chinad,chinan,chinar,chinas,chine,chinga,chino,chiné,chinó,chita,chiva,cia,ciaba,ciada,cianea,cianí,ciara,cima,cinc,cinca,cine,cinta,cita,citana,ciña,clima,clisa,clona,cocina,codina,coita,colaina,colina,criba,crin,crina,crinad,crinan,crinar,crinas,crine,crino,criné,crinó,cuida,cuita,cuna,dañina,diana,dina,erina,faena,fajina,fauna,fina,fuina,gaita,gana,gavina,gazna,hacina,harina,jaiba,ladina,laica,laida,lamina,lana,latina,launa,liana,loina,magna,malina,mana,marina,mazna,mina,nabina,nana,ocarina,omina,opina,orina,ovina,pagina,paila,paira,pana,patina,peina,pina,quina,raiga,rain,ramina,rana,ranina,ratina,reina,ruina,sabina,sainad,sainar,saint,sainz,sainé,sainó,salina,sana,sapina,sarna,satina,sauna,saína,tabina,taifa,taiga,taina,tainas,taína,tina,trina,vagina,vaina,vainas,vana,zaina,zainas,zaino,zamina,zarina
es-d-012	hata	deletion	frequent-1-5000	haya,gata,jata,hasta,haga,mata,rata	ata,bata,cata,chata,data,fata,gata,haba,haca,hada,haga,hala,harta,hasta,hatea,hato,haya,haza,hita,huta,jata,lata,mata,nata,pata,rata,tata,zata
es-d-013	compeencia	deletion	frequent-1-5000	competencia,competencias,compendia,competencial	compendia,competencia,competencial,competencias
es-d-014	lejs	deletion	frequent-1-5000	leja,les,lejos,lees,leas,lejas,leos	leas,lees,leja,lejas,lejos,leos,les
es-d-015	iguadad	deletion	frequency-5001-50000	igualdad,igualad,igualar,iguana,iguala,guardad,igualado	agradad,aguada,aguadas,aguardad,aguazad,ciguatad,gradad,guardad,guayad,iguala,igualad,igualada,igualado,igualan,igualar,igualas,igualdad,iguana,iguanas,inundad
es-d-016	conenza	deletion	frequency-5001-50000	convenza,comenzó,comenzar,comienza,contenta,condena,conecta	bonanza,comenta,comenzad,comenzar,comenzó,comienza,condena,condensa,conecta,coneja,conexa,congenia,coniza,contenga,contenta,contenía,convenga,convenza,convenzan,convenzas,convenzo,convenía,cotanza,potenza
es-d-017	cnte	deletion	frequency-5001-50000	ante,cante,cate,ente,cinte,cite,cte	ante,cante,cate,cinte,cite,cte,ente,unte
es-d-018	eonómica	deletion	frequency-5001-50000	económica,económico,económicas,anómica,ergonómica,genómica	anómica,económica,económicas,económico,ergonómica,genómica
es-d-019	acetes	deletion	frequency-5001-50000	aceres,aceptes,aretes,aceites,abetes,acates,aceces	abates,abete,abetes,abetos,abeyes,abites,abocetes,acabes,acames,acares,acatas,acate,acaten,acates,accedes,acebos,acece,acecen,aceces,aceches,acedas,acede,aceden,acedes,acedos,aceitas,aceite,aceiten,aceites,acense,acenses,acentos,acentúes,acepas,acepe,acepen,acepes,aceptas,acepte,acepten,aceptes,aceptos,aceras,acere,aceren,aceres,aceros,acetar,acetites,acetosa,acetoso,acetre,acetres,acezas,aceñas,achates,aciemes,aciertes,acles,acodes,acoges,acoles,acometes,acopes,acores,acortes,acoses,acotas,acote,acoten,acotes,acreces,acres,actas,actea,acteas,actos,actúes,acudes,acuestes,acuites,acules,acunes,acures,acuses,acuñes,ademes,adietes,aetas,afates,afectes,afees,afeites,afretes,agentes,agites,agotes,ahítes,ajees,ajete,ajetes,ajotes,aleces,alees,alejes,aleles,alertes,aletas,aletea,aleteas,aletee,aletees,aleteo,aleteé,aleteó,aletos,aleves,almetes,alotes,altees,amenes,ameres,anees,anejes,anetos,anexes,anotes,antes,apees,apeles,apenes,aperes,apestes,apites,arcenes,areles,arenes,arete,aretes,arietes,artes,asaetes,ascetas,asedes,asees,aseles,aseses,asestes,ateces,atentes,ates,ateses,atestes,atetas,atete,ateten,atetes,aveces,avenes,ayeres,azotes,añejes,bacetas,bajetes,bracetes,bretes,cacees,cacetas,cachetes,cadetes,calcetes,cantes,captes,casetes,catees,cates,cebes,cedes,cejes,celes,cenes,ceses,ceñes,cites,dietes,encetes,facetas,fletes,fretes,gaceles,gacetas,gafetes,garetes,hocetes,jactes,jametes,jetes,lacees,laceres,lactes,macees,maceres,macetas,machetes,metes,mocetes,ojetes,pactes,pañetes,pectes,petes,rasetes,recetes,rectes,retes,roetes,saetes,sietes,tacetas,tapetes,tetes,vetes,yacentes,zacees
es-d-020	veindad	deletion	frequency-5001-50000	vecindad,vendad,verdad,venda,vendas,vanidad,venida	alindad,avecindad,blindad,brindad,deidad,guindad,lenidad,lindad,merindad,peinad,reinad,rendad,ruindad,vanidad,vecindad,vecindar,vedad,venda,vendad,vendada,vendado,vendan,vendar,vendas,vended,vengad,venida,venidas,ventad,verdad
es-d-021	papeeo	deletion	frequency-5001-50000	papero,papeleo,papee,papeen,papees,papeo,papel	apee,apeen,apees,apego,apelo,apeno,apeo,apero,capee,capeen,capees,capelo,capeo,capero,mapee,mapeen,mapees,mapeo,napelo,napeo,padreo,pajee,pajeen,pajees,pajeo,pajero,palee,paleen,palees,paleo,palero,paleteo,paleto,palmeo,pampero,pandeo,panero,papado,papayo,pape,papea,papead,papeado,papean,papear,papeas,papee,papeemos,papeen,papees,papel,papelea,papelee,papeleo,papeleos,papelero,papeles,papeleé,papeleó,papemos,papen,papeo,papera,papero,paperos,papes,papeé,papeó,papiro,papo,papúes,paqueo,pardeo,paree,pareen,parees,parejo,pareo,parteo,pasee,paseen,pasees,paseo,pasteo,patee,pateen,patees,pateo,patero,pavero,pañero,pipeteo,rapero,zapee,zapeen,zapees,zapeo
es-d-022	mya	deletion	frequency-5001-50000	ya,mía,maya,moya,mea,aya,moa	aya,maya,mea,moa,moya,mía,ya
es-d-023	extil	deletion	frequency-5001-50000	textil,sextil,estilo,extra,útil,gentil,sutil	astil,dátil,edil,estila,estile,estilo,estilé,estiló,etilo,exir,expié,expió,extra,fútil,gentil,motil,reptil,sextil,sutil,textil,útil
es-d-024	bños	deletion	frequency-5001-50000	años,baños,baos	años,baos,baños
es-d-025	hspano	deletion	frequency-5001-50000	hispano,humano,sano,espanto,hispanos,espino,hispana	aspado,aspan,aspando,empano,espado,espalo,espanto,espato,espino,habano,hespan,hipado,hipan,hipando,hispan,hispana,hispano,hispanos,hopado,hopan,hopando,hulano,humano,pano,sano
es-d-026	recuperrme	deletion	frequency-5001-50000	recuperarme,recupere,recuperarse,recuperarte,recuperare,recuperase	recuperare,recuperarme,recuperarse,recuperarte,recuperase,recupere
es-d-027	chlet	deletion	frequency-5001-50000	chalet,chef,cole,chile,che,chat,coles	cale,calen,caler,cales,caleta,cele,celen,celes,chale,chalen,chales,chalet,chalets,chat,che,chef,ches,chile,chist,chite,chueta,chulea,chulee,chuleo,chuleta,chuleé,chuleó,chut,chute,cole,colea,colee,colen,coleo,coles,coleta,coleto,coleé,coleó
es-d-028	zllábamos	deletion	wordforms-unranked	zallábamos,zullábamos,alelábamos,aleábamos,alfábamos,aliábamos,alzábamos	alelábamos,aleábamos,alfábamos,aliábamos,alzábamos,arlábamos,aullábamos,azolábamos,azulábamos,balábamos,bollábamos,callábamos,calábamos,celábamos,colábamos,dallábamos,fallábamos,filábamos,follábamos,gallábamos,hallábamos,halábamos,helábamos,hilábamos,hollábamos,jalábamos,liábamos,loábamos,mallábamos,mellábamos,melábamos,molábamos,oleábamos,orlábamos,pallábamos,pelábamos,pillábamos,pilábamos,rallábamos,rilábamos,rollábamos,rolábamos,rulábamos,sallábamos,salábamos,sellábamos,solábamos,tallábamos,talábamos,tillábamos,ululábamos,vallábamos,velábamos,volábamos,zafábamos,zaleábamos,zallábamos,zalláramos,zapábamos,zullábamos,zulláramos
es-d-029	cruciicare	deletion	wordforms-unranked	crucificare,crucificar,crucificara,crucificaren,crucificares,crucificarle,crucificarme	crucificar,crucificara,crucificare,crucificaren,crucificares,crucificarle,crucificarme,crucificarse,crucificarte,crucificará,crucificaré,crucificase
es-d-030	heleáremo	deletion	wordforms-unranked	heleáremos,aheleáremos,helearemos,heleáramos,heleásemos,heláremos,holeáremos	aheleáremos,helearemos,heleáramos,heleáremos,heleásemos,heláremos,holeáremos,peleáremos
es-d-031	prendamietos	deletion	wordforms-unranked	prendamientos,prendamiento,prendimientos	prendamiento,prendamientos,prendimientos
es-d-032	desviásmos	deletion	wordforms-unranked	desviásemos,desviamos,desaviásemos,desliásemos,desviemos,desviramos,desviremos	desaviásemos,desliásemos,desviamos,desviemos,desviramos,desviremos,desvirásemos,desvivamos,desvivimos,desviábamos,desviáramos,desviáremos,desviásemos
es-d-033	rodeándols	deletion	wordforms-unranked	rodeándola,rodeándolas,rodeándolo,rodeándolos,rodeándoos,codeándoos,rodeándome	codeándoos,rodeándola,rodeándolas,rodeándolo,rodeándolos,rodeándome,rodeándonos,rodeándoos,rodeándose,rodeándote,rodándola,rodándolas,rodándole,rodándoles,rodándolo,rodándolos
es-d-034	tactoreáis	deletion	wordforms-unranked	tractoreáis,pastoreáis,taconeáis,tamboreáis,tatareáis,tractoreéis,tractoráis	pastoreáis,taconeáis,tamboreáis,tatareáis,tractoreáis,tractoreéis,tractoráis,victoreáis
es-d-035	ribeee	deletion	wordforms-unranked	ribete,ribetee,libere,ribera,libree,rabee,rabeen	libere,libree,rabee,rabeen,rabees,rebele,ribera,ribero,ribete,ribetea,ribetee,ribeteen,ribetees,ribeteo,ribetes,ribeteé,ribeteó,riele,riere,riese,riñere,riñese
es-d-036	faradola	deletion	wordforms-unranked	farandola,paradoja,farola,maradona,aradora,caracola,farandolas	aradora,caracola,farandola,farandolas,farola,maradona,paradoja,paradora
es-d-037	licitaais	deletion	wordforms-unranked	licitabais,licitarais,licitabas,licitadas,licitados,licitamos,licitaras	licitabais,licitabas,licitadas,licitados,licitamos,licitarais,licitaras,licitareis,licitares,licitarás,licitaréis,licitaríais,licitas,licitaseis,licitases,licitáis,licitéis,limitabais,limitarais
es-d-038	spañoló	deletion	wordforms-unranked	españoló,español,española,españole,españoleó,españolo,españolé	español,española,españole,españoleó,españolo,españolé,españoló,pañol
es-d-039	internái	deletion	wordforms-unranked	internáis,internet,internos,interna,interno,internas,infernáis	infernáis,intercáis,interináis,interna,internad,internan,internar,internas,interne,internen,internes,internet,interno,internos,internáis,interné,internéis,internó,invernáis
es-d-040	exprsáis	deletion	wordforms-unranked	expresáis,empráis,espesáis,esposáis,espráis,excusáis,exornáis	empráis,espesáis,esposáis,espráis,excusáis,exornáis,exoráis,expeláis,expidáis,expiráis,expiáis,exportáis,expresáis,expreséis,exprimáis,expulsáis,expurgáis
es-d-041	tipod	adjacent-substitution	frequent-1-5000	tipos,tipo,tiro,tiros,topo,tito,hipo	atipad,atipo,cipo,cipos,hipad,hipo,hipos,icod,pipad,pipo,tapad,tapo,tifo,tifos,tildo,tilo,tilos,timad,timo,timol,timor,timos,tino,tinos,tipa,tipas,tiple,tipo,tipos,tirad,tiro,tiros,titad,tito,titos,tizo,tizos,tiño,topad,topo,topos,tpo,tupid,tupo
es-d-042	gustam	adjacent-substitution	frequent-1-5000	gustan,gusta,gustas,gustar,gustad,gusto,gustaba	fusta,fustal,fustas,gasta,gastad,gastan,gastar,gastas,gesta,gestad,gestan,gestar,gestas,guam,guastar,guata,guatas,guita,guitad,guitan,guitar,guitas,gusta,gustaba,gustad,gustada,gustado,gustamos,gustan,gustar,gustara,gustare,gustarme,gustará,gustaré,gustas,gustase,gustavo,gustazo,guste,gusten,gustes,gusto,gustos,gusté,gustó,justa,justad,justan,justar,justas,rusta,rustan,rustas
es-d-043	nurva	adjacent-substitution	frequent-1-5000	nueva,curva,nuria,nunca,nuevo,nueve,nuevas	anura,anuria,aura,burda,burga,burka,burla,burra,corva,cuerva,cueva,cura,curda,curia,curra,cursa,curta,curva,curvad,curvan,curvar,curvas,curve,curvo,curvé,curvó,dura,enerva,fura,furia,gura,gurda,herva,hueva,hura,hurga,hurra,hurta,incurva,jura,kurda,larva,mueva,mura,murga,muria,murta,narra,narval,nava,nerja,nervia,nieva,noria,norma,nova,ntra,nubia,nubla,nuca,nuera,nueva,nuevas,nueve,nuevo,nueza,nula,nunca,nuria,nutra,nutria,nutría,parva,pura,purea,purga,purra,sirva,sueva,surca,surda,surja,surta,torva,tura,turba,turca,turia,turma,turna,turra,urca,urda,urea,urja,urna,uva,vulva,zura,zurda,zurea,zurra,zurza,áurea
es-d-044	cincp	adjacent-substitution	frequent-1-5000	cinco,cinc,cinca,cine,cinta,circo,finca	cinc,cinca,cincas,cincel,cincha,cinche,cincho,cinché,cinchó,cinco,cincos,cine,cines,cinta,cinte,cinto,cinté,cintó,circe,circo,cisca,cisco,ciscó,finca,finco,fincó,hinca,hinco,hincó,inca,incl,lince,pince,pincé,vinco,zinc
es-d-045	fitmar	adjacent-substitution	frequent-1-5000	firmar,filmar,ritmar,firma,fumar,formar,firmas	afirmar,bilmar,bitar,bizmar,cimar,cismar,citar,femar,fiar,ficar,fichar,fijar,filar,filiar,filma,filmad,filman,filmar,filmara,filmare,filmará,filmaré,filmas,filtrar,finar,fincar,fintar,firma,firmad,firman,firmar,firmara,firmare,firmará,firmaré,firmas,fisgar,fizar,formar,fritar,fumar,hirmar,hitar,jitar,limar,litar,mimar,mitrar,nitrar,pitar,rimar,ritma,ritmad,ritman,ritmar,ritmara,ritmare,ritmará,ritmaré,ritmas,sitiar,situar,timar,titar,titear,vitar
es-d-046	grandipso	adjacent-substitution	frequent-1-5000	grandioso,grandiosa,grandiosos	grandiosa,grandioso,grandiosos
es-d-047	náquinas	adjacent-substitution	frequent-1-5000	máquinas,máquina,esquinas,maquinas,boquinas,báquicas,coquinas	boquinas,báquicas,coquinas,equinas,esquinas,inquinas,jáquimas,maquinas,máquina,máquinas,neuquinas,oniquinas,quinas
es-d-048	vrrlo	adjacent-substitution	frequent-1-5000	verlo,verla,vuelo,verle,serlo,verlos,oírlo	ararlo,arelo,arilo,arlo,arralo,arreo,arrío,arrúo,birlo,burlo,corlo,darlo,erro,garlo,grelo,irlo,merlo,mirlo,orlo,oírlo,parlo,perlo,ralo,rilo,rolo,rulo,serlo,vallo,vareo,vario,varo,varío,vedlo,vello,velo,verbo,verla,verle,verlo,verlos,vero,verso,vilo,violo,virgo,viro,virolo,vuelo,véalo
es-d-049	bebids	adjacent-substitution	frequent-1-5000	bebida,bebidas,bebido,bebidos,debido,bebés,bebes	babis,bebas,bebed,bebes,bebida,bebidas,bebido,bebidos,bebiese,bebimos,bebió,bebáis,bebéis,bebés,bebías,beis,belios,betis,debida,debidas,debido,debidos
es-d-050	sals	adjacent-substitution	frequent-1-5000	sala,sal,sale,salí,salsa,sales,salas	sal,sala,salas,sale,sales,salo,salsa,salso,salt,salé,salí,salís,saló,saos,vals
es-d-051	predento	adjacent-substitution	frequent-1-5000	presento,pregunto,presente,presenta,presentó,pretendo,prudente	irredento,prebendo,precepto,precinto,prefecto,pregunto,presenta,presente,presento,presenté,presentí,presentó,presiento,presunto,pretendo,pretenso,pretexto,prevengo,provento,prudente,redentor,regento
es-d-052	podíam	adjacent-substitution	frequent-1-5000	podían,podía,podías,podría,podrías,podrían,podíamos	jodía,jodían,jodías,pedía,pedían,pedías,poda,podad,podan,podar,podas,podría,podrían,podrías,podía,podíais,podíamos,podían,podías,ponía,ponían,ponías
es-d-053	gprdo	adjacent-substitution	frequent-1-5000	gordo,gurdo,pudo,pido,cerdo,bordo,grado	apdo,apodo,aproo,ardo,bardo,bordo,burdo,cardo,cerdo,curdo,dardo,fardo,garbo,garlo,garro,garzo,girado,giro,godo,gorda,gordo,gordos,gormo,gorro,grado,grao,gro,groo,guardo,guido,gurda,gurdo,gurdos,guro,kurdo,lardo,lerdo,nardo,pardo,pedo,pido,podo,prado,prd,pro,pudo,rdo,sardo,sordo,surdo,tardo,tordo,upado,urdo,zurdo,ápodo
es-d-054	rx	adjacent-substitution	frequent-1-5000	ex,re,ra,ro,ax	ax,ex,ra,re,ro
es-d-055	haciéndoños	adjacent-substitution	frequency-5001-50000	haciéndolos,haciéndonos,haciéndoos,haciéndolo,haciéndoles,habiéndolos,habiéndonos	habiéndolos,habiéndonos,habiéndoos,haciéndolas,haciéndoles,haciéndolo,haciéndolos,haciéndonos,haciéndoos
es-d-056	mejprarse	adjacent-substitution	frequency-5001-50000	mejorarse,emprarse,medrarse,mejorare,mejorares,mejorarme,mejorarte	emprarse,medrarse,mejorare,mejorares,mejorarme,mejorarse,mejorarte,mejorase,memorarse,merarse,mesurarse
es-d-057	ilustracoones	adjacent-substitution	frequency-5001-50000	ilustraciones,lustraciones	ilustraciones,lustraciones
es-d-058	hraneros	adjacent-substitution	frequency-5001-50000	graneros,harneros,granero,traseros,granjeros,haceros,haberos	arañeros,areneros,braceros,braseros,carneros,grajeros,granemos,granero,graneros,granjeros,graseros,guaneros,habaneros,haberos,haceros,harineros,harnero,harneros,hateros,horneros,huroneros,jaraneros,laneros,llaneros,maneros,organeros,paneros,rameros,raperos,raseros,rateros,traeros,traperos,traseros,trianeros,veraneros
es-d-059	besastr	adjacent-substitution	frequency-5001-50000	besaste,desastre,besar,besarte,besas,basaste,becaste	basaste,becaste,befaste,besante,besar,besarte,besas,besase,besasen,besases,besaste,bisaste,cesaste,desasir,desastre,mesaste,pesaste,tesaste
es-d-060	crramos	adjacent-substitution	frequency-5001-50000	creamos,cerramos,corramos,criamos,curamos,croamos,curramos	abramos,acaramos,acarramos,aceramos,acoramos,acorramos,adramos,airamos,aramos,arcamos,ardamos,arfamos,arlamos,armamos,arpamos,arrapos,arreamos,arriamos,arrimos,arruamos,aráramos,barramos,berramos,borramos,breamos,cagamos,calamos,capamos,carajos,cardamos,careamos,cargamos,cariamos,carpamos,carracos,casamos,catamos,cavamos,cazamos,caíamos,cebamos,cedamos,cegamos,cejamos,celamos,cenamos,cercamos,cernamos,cerrados,cerramos,cerraos,cerraros,cerremos,cesamos,ceñamos,charramos,choramos,churramos,ciamos,ciframos,citamos,ciáramos,ciñamos,cloramos,cobramos,cocamos,cojamos,colamos,comamos,copamos,corcamos,coreamos,corlamos,corramos,correamos,corremos,corrimos,corroamos,corríamos,cortamos,cosamos,cozamos,crasos,creados,creamos,crearos,creemos,creáramos,creíamos,creímos,criados,criamos,criaros,cribamos,criemos,crinamos,criáramos,croados,croamos,croemos,cromamos,cromos,croáramos,crujamos,cruzamos,créalos,créanos,cubramos,cucamos,cunamos,curados,curamos,curaos,curaros,curatos,curemos,currados,curramos,curremos,cursamos,curtamos,curvamos,curáramos,cusamos,cuñamos,cálamos,cárabos,cárcamos,cáñamos,doramos,duramos,edramos,eramos,errados,erramos,erremos,eráramos,ferramos,forramos,friamos,garramos,giramos,gramos,groamos,herramos,hiramos,irgamos,iríamos,jarramos,juramos,marramos,meramos,miramos,moramos,muramos,narramos,obramos,ocurramos,oramos,oreamos,orlamos,ornamos,orzamos,oráramos,paramos,parramos,piramos,pirramos,purramos,páramos,ramos,riamos,roamos,roramos,ruamos,serramos,taramos,tiramos,torramos,tramos,triamos,turramos,urdamos,urjamos,varamos,viramos,zurramos,éramos
es-d-061	molestatles	adjacent-substitution	frequency-5001-50000	molestarles,molestadles,molestarle,molestarlos,molestadlas,molestadle,molestadlos	molestadlas,molestadle,molestadles,molestadlos,molestares,molestarlas,molestarle,molestarles,molestarlos,molestases,moléstales
es-d-062	potquerías	adjacent-substitution	frequency-5001-50000	porquerías,porquería,pesquerías,porqueras,potajerías	pesquerías,porqueras,porquería,porquerías,potajerías
es-d-063	encsntará	adjacent-substitution	frequency-5001-50000	encantará,encentará,encintará,encontrará,encantar,encantara,encantarán	enastará,encanará,encantar,encantara,encantare,encantaro,encantará,encantarán,encantarás,encantaré,encantaró,encanutará,encartará,encastará,encentar,encentara,encentare,encentará,encentarán,encentarás,encentaré,encentrará,encestará,encetará,encintar,encintara,encintare,encintará,encintarán,encintarás,encintaré,enconará,encontrará,encostará,encuitará,encunará,endentará,enmantará,enmontará,ensotará,entintará
es-d-064	burladte	adjacent-substitution	frequency-5001-50000	burlaste,burlarte,burlarse,burlado,burlarme,búrlate,birlarte	birlarte,birlaste,burilaste,burlad,burlada,burladas,burlado,burlador,burlados,burlare,burlarle,burlarme,burlarse,burlarte,burlase,burlaste,burlete,búrlate
es-d-065	allamamientos	adjacent-substitution	frequency-5001-50000	allanamientos,llamamientos,allanamiento,llamamiento,alabamientos,allegamientos,aplacamientos	alabamientos,allanamiento,allanamientos,allegamientos,aplacamientos,aplanamientos,aplazamientos,llamamiento,llamamientos
es-d-066	histéricod	adjacent-substitution	frequency-5001-50000	histéricos,histérico,histórico,histérica,históricos,histéricas	histérica,histéricas,histérico,histéricos,histórico,históricos
es-d-067	apostsré	adjacent-substitution	frequency-5001-50000	apostaré,apostar,aposté,acostaré,agostaré,apastaré,apastré	acostaré,agostaré,apastaré,apastré,apestaré,aportaré,aposaré,apostar,apostara,apostare,apostará,apostaré,apostaté,apostemé,apostura,aposté,postré
es-d-068	migta	adjacent-substitution	wordforms-unranked	migra,mixta,miga,mita,mista,mira,misma	agita,amiga,amista,biga,bita,cinta,cista,cita,dicta,dieta,diga,digna,dista,dita,emigra,emita,finta,giga,gta,higa,hita,imita,iota,jiga,jita,liga,lista,lita,maga,magia,magma,magna,magra,malta,manta,marta,mata,mega,meiga,menta,mesta,meta,miaba,miada,miaga,miaja,miara,miaña,mica,micha,micra,mida,miela,mienta,miera,miga,migaba,migad,migada,migaja,migan,migar,migara,migas,migo,migra,migrad,migran,migrar,migras,migre,migro,migré,migró,migue,migué,migó,milita,milla,mima,mina,minga,minia,minuta,mioma,mira,mirla,mirra,mirto,mirza,misa,misia,misma,mista,mistad,mistan,mistar,mistas,miste,misto,misté,mistó,mita,mitad,mitas,mitiga,mito,mitra,mixta,mixtas,mixto,miza,mogata,monta,mota,muga,mugía,multa,murta,muta,nieta,nigua,oiga,omita,pinta,pista,pita,rita,siga,sigla,sigma,signa,sita,tinta,tita,viga,vigota,vigía,vinta,vista,vita
es-d-069	negrezvan	adjacent-substitution	wordforms-unranked	negrezcan,negreaban,negrean,negrearan,negrecían,negregan,negrezca	negreaban,negrean,negrearan,negrecían,negregan,negrezca,negrezcan,negrezcas
es-d-070	desarrebujaram	adjacent-substitution	wordforms-unranked	desarrebujaran,desarrebujara,desarrebujaras,desarrebujaba,desarrebujaban,desarrebujabas,desarrebujada	desarrebujaba,desarrebujaban,desarrebujabas,desarrebujada,desarrebujadas,desarrebujar,desarrebujara,desarrebujarais,desarrebujaran,desarrebujaras,desarrebujare,desarrebujaren,desarrebujares,desarrebujaron,desarrebujarse,desarrebujará,desarrebujarán,desarrebujarás,desarrebujaré,desarrebujaría,desarrebujarían,desarrebujarías
es-d-071	scibararse	adjacent-substitution	wordforms-unranked	acibararse,acibarare,acibarares,acibarase	acibarare,acibarares,acibararse,acibarase
es-d-072	emporcarís	adjacent-substitution	wordforms-unranked	emporcaría,emporcaras,emporcares,emporcarás,emporcarías,emporcabas,emporcadas	emporcabas,emporcadas,emporcados,emporcamos,emporcar,emporcara,emporcarais,emporcaran,emporcaras,emporcare,emporcareis,emporcaren,emporcares,emporcaron,emporcarse,emporcará,emporcarán,emporcarás,emporcaré,emporcaréis,emporcaría,emporcaríais,emporcarían,emporcarías,emporcases
es-d-073	matcid	adjacent-substitution	wordforms-unranked	marcid,madrid,matriz,marcia,matad,matiz,matéis	batid,latid,macad,macia,macis,madrid,mancad,manid,marcad,marcia,marcid,marcida,marcido,marcio,marcir,marció,mascad,matad,matead,matice,matico,maticé,matiz,matriz,matáis,matéis
es-d-074	bregasteos	adjacent-substitution	wordforms-unranked	bregasteis,breasteis,bregaseis,bregases,bregaste,brezasteis,fregasteis	breasteis,bregaseis,bregases,bregaste,bregasteis,brezasteis,fregasteis,regasteis,regateos
es-d-075	perteneciéramps	adjacent-substitution	wordforms-unranked	perteneciéramos,perteneciéremos	perteneciéramos,perteneciéremos
es-d-076	guatdare	adjacent-substitution	wordforms-unranked	guardare,guardar,guardaré,guardara,guardarme,guardarte,guardará	aguardare,gateare,gradare,gratare,guadañe,guanteare,guapeare,guardar,guardara,guardare,guardaren,guardares,guardarle,guardarme,guardarse,guardarte,guardará,guardaré,guardase,guaseare,guayare,guindare,guitare,gustare
es-d-077	descompomerme	adjacent-substitution	wordforms-unranked	descomponerme,descomponerse,descomponerte	descomponerme,descomponerse,descomponerte
es-d-078	fileteasyeis	adjacent-substitution	wordforms-unranked	fileteasteis,fileteaseis,fileteareis,fileteases	fileteareis,fileteaseis,fileteases,fileteasteis
es-d-079	enjuaharía	adjacent-substitution	wordforms-unranked	enjuagaría,enguataría,enjaularía,enjuagara,enjuagarla,enjuagarían,enjuagarías	enguataría,enjaularía,enjuagara,enjuagarla,enjuagaría,enjuagarían,enjuagarías,enjugaría,enjuncaría,enjutaría
es-d-080	exentabsis	adjacent-substitution	wordforms-unranked	exentabais,exentabas,exentarais,exentareis,exentaréis,exentaseis,exentases	exentabais,exentabas,exentarais,exentareis,exentaréis,exentaseis,exentases
es-d-081	sear	transposition	frequent-1-5000	sera,ser,sea,seas,sean,mear,secar	asear,mear,osear,sea,sean,seas,secar,sedar,seer,segar,seor,ser,sera,sexar
es-d-082	evnir	transposition	frequent-1-5000	venir,envió,enviar,envié,venid,reunir,unir	avenir,banir,cernir,devenir,emir,enviar,envira,envire,enviro,enviré,enviró,envié,envió,etnia,evadir,exir,finir,manir,ovni,ovnis,punir,reunir,revenir,unir,venia,venid,venir
es-d-083	usperior	transposition	frequent-1-5000	superior,superiora,suprior,ulterior	superior,superiora,suprior,ulterior
es-d-084	acdaemia	transposition	frequent-1-5000	academia,academias,academiza	academia,academias,academiza
es-d-085	rzaón	transposition	frequent-1-5000	razón,ratón,riñón,ramón,tazón,rain,rían	arzón,azadón,cazón,izan,orzan,rabón,radón,raen,rain,ramón,ratón,rayón,razón,rejón,repón,rezan,rezón,rizan,rizón,riñón,roan,ropón,rozan,ruan,rían,rúan,sazón,tazón,zahón
es-d-086	pelcíula	transposition	frequent-1-5000	película,películas	película,películas
es-d-087	mria	transposition	frequent-1-5000	mira,aria,ria,muria	aria,mira,muria,ria
es-d-088	ivvía	transposition	frequent-1-5000	vivía,viva,veía,iría,envía,vía,viví	avía,envía,impía,iría,iva,movía,pavía,veía,vigía,viva,viví,vivía,vivían,vivías,vivís,vía
es-d-089	ifneliz	transposition	frequent-1-5000	infeliz,feliz	feliz,infeliz
es-d-090	uqímica	transposition	frequent-1-5000	química,químico,químicas,mímica,anímica,urémica	anímica,mímica,química,químicas,químico,urémica
es-d-091	camiba	transposition	frequent-1-5000	cambia,camina,camisa,amiba,camba,camita,camino	acamaba,acriba,amaba,ameba,amia,amiba,amibas,amibo,amida,amiga,amina,atiba,bamba,cabida,cabila,cabina,cacica,cacimba,cagaba,caiga,cajiga,calaba,calibra,califa,calima,calina,caliza,calmaba,cama,camada,camba,cambaba,cambad,camban,cambar,cambas,cambe,cambia,cambiaba,cambiad,cambian,cambiar,cambias,cambie,cambija,cambio,cambiza,cambié,cambió,cambo,cambé,cambó,camela,camera,camiar,camilla,camilo,camina,caminaba,caminad,caminan,caminar,caminas,camine,camino,caminé,caminó,camisa,camisas,camita,camitas,camión,camota,campa,campaba,campea,campiña,camuza,canica,canija,canina,caoba,capaba,caraba,carba,caria,cariaba,caribe,cariña,casaba,casia,casina,casita,cataba,cavaba,cavila,cazaba,cañiza,ceiba,chamaba,chamba,chamiza,ciaba,clamaba,comba,comida,comiza,criba,cumbia,cómica,galiba,gamba,gambia,gamita,jaiba,jamaba,jamba,lamba,lamia,lamida,lamina,mamaba,mamila,namibia,ramina,ramita,ramiza,samia,tamiza,zamba,zambia,zamina
es-d-092	iben	transposition	frequent-1-5000	bien,ben,iban,giben,icen,liben	ben,bien,giben,iban,icen,liben
es-d-093	naiversario	transposition	frequent-1-5000	aniversario,adversario,aniversarios	adversario,aniversario,aniversarios
es-d-094	cmapamento	transposition	frequent-1-5000	campamento,campamentos	campamento,campamentos
es-d-095	eprturbadoras	transposition	frequency-5001-50000	perturbadoras,perturbadora,perturbadores	perturbadora,perturbadoras,perturbadores
es-d-096	hipyp	transposition	frequency-5001-50000	hippy,hipo,hipa,hipad,hipan,hipar,hipas	hipa,hipad,hipan,hipar,hipas,hipe,hipen,hipes,hipo,hipos,hippy,hipé,hipó
es-d-097	devastdaor	transposition	frequency-5001-50000	devastador,devastado,devastadora,devastados,devastar	devastado,devastador,devastadora,devastados,devastar
es-d-098	recrodara	transposition	frequency-5001-50000	recordara,recodara,recordar,recordaba,recordaré,recordará,recordaría	enrodara,rebrotara,recadara,recaudara,recodaba,recodada,recodar,recodara,recodaran,recodaras,recodare,recodará,recodaré,recodaría,recolara,recordaba,recordada,recordar,recordara,recordaran,recordaras,recordare,recordarla,recordará,recordaré,recordaría,recortara,recorvara,recovara,recreara,recriara,recruzara,rectorara,redrojara,repodara,reprobara,retronara
es-d-099	voleoms	transposition	frequency-5001-50000	volemos,volvemos,volamos,solemos,votemos,valemos,colemos	colemos,dolemos,molemos,olemos,oleos,poleos,rolemos,roleos,solemos,valemos,valeos,velemos,violemos,volamos,voleamos,voleas,voleemos,volees,volemos,voleo,voleáis,voleéis,volteos,volvemos,volveos,volvos,votemos
es-d-100	acabaabs	transposition	frequency-5001-50000	acababas,acabas,acabamos,acababa,acabarás,acabados,acababan	acababa,acababais,acababan,acababas,acabadas,acabados,acabalaba,acabalabas,acabalas,acabales,acabamos,acabaos,acabarais,acabaras,acabares,acabaros,acabarás,acabas,acabases,acabañaba,acabañabas,acabañas,acabañes,acamabas,acarabas,acatabas,alababas
es-d-101	coneglados	transposition	frequency-5001-50000	congelados,congelado,conectados,congelador,congeladas,cenegados,cinglados	cenegados,cinglados,colegiados,conectados,congeladas,congelado,congelador,congelados,congelamos,congelaros,consolados,consulados,copelados
es-d-102	ismplista	transposition	frequency-5001-50000	simplista,simplistas,templista	simplista,simplistas,templista
es-d-103	orian	transposition	frequency-5001-50000	orina,odian,orión,ocian,oran,orean,orinan	aran,arcan,ardan,arfan,aria,arias,arican,arlan,arman,arpan,bordan,borran,brean,brial,brizan,copian,corcan,corean,coria,corion,corlan,corran,cortan,crean,criad,criar,criban,crin,crina,crinan,croan,crían,doran,doria,dorias,eran,erial,erijan,erina,erizan,erran,ferian,folian,forigan,forjan,forman,fornan,forran,frican,frisan,fritan,frían,giran,gorman,gran,grifan,gritan,groan,irgan,irisan,irían,miran,moran,morcan,morían,noria,norias,obran,obvian,ocia,ociad,ocian,ociar,ocias,ocien,odia,odiad,odian,odiar,odias,odien,oigan,oirán,oirían,ojean,olean,olivan,olían,omina,ominan,omitan,opilan,opina,opinan,opriman,optan,ora,oraban,orad,oral,oran,orar,oraran,oras,orbitan,orca,orcas,orcen,orden,orea,oread,orean,orear,oreas,oreen,oren,oribe,origen,orillan,orina,orinad,orinal,orinan,orinar,orinas,orine,orinen,orino,oriné,orinó,orive,orión,orla,orlad,orlan,orlar,orlas,orlen,orna,ornad,ornan,ornar,ornas,ornean,ornen,orza,orzad,orzan,orzar,orzas,orín,osan,osean,otan,otean,otilan,ovan,ovina,oxean,oxidan,oían,pian,piran,porgan,portan,priman,prion,privan,prión,rain,ria,rifan,rijan,rilan,riman,rizan,riñan,roan,roban,roigan,rolan,roran,rosan,rotan,royan,rozan,roían,roñan,ruan,rían,rúan,serian,sorban,soria,soriana,soriano,sornan,tiran,torean,tornan,torran,triad,trial,triar,trina,trinan,trisan,trizan,trían,urdan,urjan,viran
es-d-104	progrsea	transposition	frequency-5001-50000	progresa,programa,progreso,progresar,procrea,progresad,progresan	procrea,programa,progresa,progresad,progresan,progresar,progresas,progrese,progresen,progreses,progreso,progresé,progresó
es-d-105	bodnadosa	transposition	frequency-5001-50000	bondadosa,bondadoso,bondadosas,bondosa	bondadosa,bondadosas,bondadoso,bondosa
es-d-106	dispnesario	transposition	frequency-5001-50000	dispensario,dispensarios	dispensario,dispensarios
es-d-107	carcajadsa	transposition	frequency-5001-50000	carcajadas,carcajada,carcajeada,carcajeadas	carcajada,carcajadas,carcajeada,carcajeadas
es-d-108	ercrecieren	transposition	wordforms-unranked	recrecieren,acrecieren,arrecieren,crecieren,decrecieren,encarecieren,encorecieren	acrecieren,arrecieren,crecieren,decrecieren,encarecieren,encorecieren,enrarecieren,escaecieren,recrecieran,recreciere,recrecieren,recrecieres,recrecieron,recreciesen,terrecieren
es-d-109	tempranearno	transposition	wordforms-unranked	tempranearon,tempraneado,tempranean,tempraneando,tempranear,tempraneara,tempranearan	tempraneado,tempranean,tempraneando,tempranear,tempraneara,tempranearan,tempranearas,tempraneare,tempranearen,tempraneares,tempranearon,tempranearse,tempraneará,tempranearán,tempranearás,tempranearé,tempranearía,tempranero
es-d-110	ibzcocha	transposition	wordforms-unranked	bizcocha,bizcocho,bizcochad,bizcochan,bizcochar,bizcochas,bizcoche	bizcocha,bizcochad,bizcochan,bizcochar,bizcochas,bizcoche,bizcocho,bizcoché,bizcochó
es-d-111	tamzia	transposition	wordforms-unranked	tamiza,cambia,taza,tamil,tapia,amia,gambia	amia,cambia,gambia,gazmia,lamia,ramiza,samia,tafia,tamaña,tamil,taminia,tamiz,tamiza,tamizad,tamizan,tamizar,tamizas,tamizo,tamizó,tamuja,tapia,tapiza,tapsia,tasia,taza,tomiza,zambia
es-d-112	sevriciábamos	transposition	wordforms-unranked	serviciábamos,serviciáramos	serviciábamos,serviciáramos
es-d-113	asemeajros	transposition	wordforms-unranked	asemejaros,asemejados,asemejamos,asemejaras,asemejares,asemejarlos,asemejarnos	asemejados,asemejamos,asemejaras,asemejares,asemejarlos,asemejarnos,asemejaron,asemejaros,asemejarás
es-d-114	eprniquebraras	transposition	wordforms-unranked	perniquebraras,perniquebrabas,perniquebradas,perniquebrara,perniquebrarais,perniquebraran,perniquebrares	perniquebrabas,perniquebradas,perniquebrara,perniquebrarais,perniquebraran,perniquebraras,perniquebrares,perniquebrarás,perniquebrarías
es-d-115	calefactroes	transposition	wordforms-unranked	calefactores,calefactoras	calefactoras,calefactores
es-d-116	molleatse	transposition	wordforms-unranked	mollearse,molleaste,mollease,moflearse,moflease,mofleaste,moldearse	moflearse,moflease,mofleaste,moldearse,moldease,moldeaste,molleare,molleares,mollearse,molleas,mollease,molleasen,molleases,molleaste,molletas,mollete,molletes,pollearse,pollease,polleaste
es-d-117	fotoliotgrafiare	transposition	wordforms-unranked	fotolitografiare,fotolitografiar,fotolitografiara,fotolitografiaren,fotolitografiares,fotolitografiarse,fotolitografiará	fotolitografiar,fotolitografiara,fotolitografiare,fotolitografiaren,fotolitografiares,fotolitografiarse,fotolitografiará,fotolitografiaré,fotolitografiase
es-d-118	compeleiran	transposition	wordforms-unranked	compelieran,compelerán,compelerían,compeliera,compelieras,compelieren,compelieron	compelerán,compelerían,compeliera,compelieran,compelieras,compelieren,compelieron,compenetran,competieran
es-d-119	ppio	transposition	wordforms-unranked	opio,pipo,apio,pio	apio,opio,pio,pipo
es-d-120	salpimentiás	transposition	wordforms-unranked	salpimentáis,salpimentarás,salpimentéis	salpimentarás,salpimentáis,salpimentéis
es-d-121	eestas	repeated-character	frequent-1-5000	restas,estas,cestas,festas,gestas,mestas,testas	aetas,apestas,asestas,astas,atestas,bastas,beatas,besas,bestias,betas,bostas,castas,celtas,cesas,cesta,cestas,cestos,cistas,costas,crestas,cuestas,deltas,desatas,deseas,desgas,detestas,distas,editas,efesias,elatas,electas,emitas,enastas,encestas,ensotas,entestas,erectas,erutas,esas,escas,espetas,esta,estad,estaos,estar,estas,estay,estetas,estos,estás,estés,etas,evitas,exentas,existas,eyectas,fastas,festa,festas,fiestas,fustas,gastas,gesta,gestad,gestan,gestar,gestas,gestase,gesteas,gestes,gestos,gustas,hesitas,hespas,instas,jetas,justas,lastas,lentas,lesas,lesnas,lestes,listas,mentas,mesas,mesetas,mesitas,mesmas,mesta,mestal,mestas,mestos,mesías,metas,mistas,nesgas,netas,pastas,pectas,peltas,pertas,pesas,pescas,pesetas,pestes,petas,pistas,postas,prestas,puestas,reatas,rectas,rentas,reptas,resta,restad,restan,restar,restas,restase,restes,restos,retas,rostas,rustas,sectas,seseas,sesgas,sesmas,sestao,sestar,sesteas,setas,sextas,siestas,stas,tesas,teslas,testa,testad,testan,testar,testas,testase,testes,tetas,tiestas,tuestas,vastas,ventas,verstas,vestal,vestes,vestías,vestís,vetas,vistas,yertas,yescas,zetas,éstas
es-d-122	ddocena	repeated-character	frequent-1-5000	docena,adocena,docenas,adecena,adocenad,adocenan,adocenar	adecena,adocena,adocenad,adocenan,adocenar,adocenas,adocene,adoceno,adocené,adocenó,decena,docena,docenal,docenas,doceno,doceta,duodena,eocena,miocena,ocena
es-d-123	salenn	repeated-character	frequent-1-5000	salen,salean,saleen,saben,sale,salón,salgan	alean,aleen,balean,baleen,balen,calen,falena,galena,galeno,galeón,halen,jalean,jaleen,jalen,malean,maleen,palean,paleen,ralean,raleen,saben,sablean,sableen,safena,sajen,salan,saldan,salden,sale,salea,salead,salean,salear,saleas,salee,saleen,salees,salega,salegan,salego,salegó,salema,salen,saleo,salep,saleps,salera,salero,sales,salesa,saleta,saleé,saleó,salgan,salina,salino,sallan,sallen,salman,salmean,salmeen,salmen,salmón,salsean,salseen,saltan,saltean,salteen,salten,salvan,salven,salían,salón,sanean,saneen,sanen,saínen,solean,soleen,talen,valen,zalean,zaleen
es-d-124	lllegaremos	repeated-character	frequent-1-5000	llegaremos,allegaremos,llevaremos,llenaremos,alegaremos,allegáremos,aplegaremos	alegaremos,allegaremos,allegáremos,aplegaremos,delegaremos,legaremos,llagaremos,llegaremos,llegáremos,llenaremos,llevaremos,plegaremos,relegaremos,salegaremos
es-d-125	vasoo	repeated-character	frequent-1-5000	vaso,vasos,vasto,vasco,vamos,vas,visto	asco,aseo,asgo,asno,aso,asolo,asomo,aspo,atoo,azoo,baso,basto,casco,caso,casos,casto,evasor,faso,fasto,gaseo,gasto,jaso,lasco,laso,lasos,lasto,masco,maslo,maso,masto,naso,nasos,paseo,pasmo,paso,pasos,pasto,rasco,rasgo,raso,rasos,raspo,tasco,tasio,taso,tasto,vaco,vacuo,vacío,vadeo,vado,vados,vago,vagos,vaheo,vaho,vahos,valgo,vallo,valor,valoro,valso,valúo,vamos,vaneo,vano,vanos,vapor,vaporo,vareo,vario,varo,varío,vas,vasa,vasar,vasas,vasca,vasco,vascos,vaso,vasos,vasta,vasto,vastos,vatio,visco,viseo,viso,visor,visos,visto,voseo
es-d-126	informmación	repeated-character	frequent-1-5000	información	información
es-d-127	oiigo	repeated-character	frequent-1-5000	oigo,amigo,digo,odio,sigo,oiga,ciego	amigo,bingo,bodigo,caigo,ciego,coligo,diego,digo,figo,fisgo,forigo,higo,irgo,liego,ligio,ligo,litigo,meigo,miago,migo,mingo,mitigo,niego,obligo,ocio,odio,oiga,oigo,olido,olio,olivo,omino,omiso,omito,opilo,opino,opio,orino,otilo,ovino,oxido,pingo,raigo,riego,ringo,roigo,rosigo,siego,sigo,silgo,singo,sirgo,tosigo,trigo,vigo,virgo
es-d-128	nacionnal	repeated-character	frequent-1-5000	nacional,racional,nocional	nacional,nocional,racional
es-d-129	demáss	repeated-character	frequent-1-5000	demás,además,demos,dejáis,temáis,ademáis,debáis	ademáis,además,debáis,dejáis,demos,demás,dezmáis,dimáis,domáis,femáis,remáis,temáis
es-d-130	tirooteo	repeated-character	frequent-1-5000	tiroteo,tiroteos,tiroideo,tironeo,tirotea,tirotee,tiroteé	tiroideo,tironeo,tirotea,tirotee,tiroteo,tiroteos,tiroteé,tiroteó
es-d-131	ppaz	repeated-character	frequent-1-5000	paz,ppal	paz,ppal
es-d-132	ddisco	repeated-character	frequent-1-5000	disco,discos,dedico,cisco,brisco,risco,odiseo	arisco,brisco,chisco,cisco,dedico,disco,discos,diseco,disto,fisco,odiseo,olisco,pisco,prisco,risco,trisco,visco
es-d-133	inffancia	repeated-character	frequent-1-5000	infancia,instancia,infancias	infancia,infancias,instancia
es-d-134	quuitar	repeated-character	frequent-1-5000	quitar,quita,quitas,quitaré,quitan,quitará,quitara	acuitar,auditar,guaitar,guitar,musitar,quietar,quijar,quintar,quistar,quita,quitad,quitan,quitar,quitara,quitare,quitará,quitaré,quitas
es-d-135	tesoreería	repeated-character	frequency-5001-50000	tesorería,descreería,resorbería,tesorera,tesorerías	descreería,resorbería,tesorera,tesorería,tesorerías
es-d-136	uusarían	repeated-character	frequency-5001-50000	usarían,usaría,gustarían,pasarían,usaran,usarías,abusarían	abusarían,acusarían,ahusarían,asarían,atusarían,aunarían,auparían,basarían,besarían,bisarían,bufarían,buscarían,buzarían,casarían,causarían,cesarían,cucarían,cunarían,curarían,cursarían,cusirían,custrían,cuñarían,dudarían,durarían,fosarían,fufarían,fugarían,fumarían,fuñarían,guarían,guiarían,guisarían,gustarían,humarían,husmarían,jasarían,jugarían,jumarían,jurarían,justarían,losarían,lujarían,luxarían,masarían,mesarían,misarían,mudarían,mugarían,murarían,musirían,mutarían,osarían,pasarían,pausarían,pesarían,pisarían,posarían,puarían,pujarían,pulsarían,puparían,rasarían,rosarían,ruarían,rucarían,rugarían,rularían,rustrían,rutarían,ruñarían,sisarían,sudarían,sumarían,tasarían,tesarían,tunarían,ulularían,untarían,uparían,usaran,usaría,usarían,usarías,usurarían,visarían
es-d-137	ccartucho	repeated-character	frequency-5001-50000	cartucho,cuartucho,cartuchos,clarucho,cuartuchos,encartucho	cartucho,cartuchos,clarucho,cuartucho,cuartuchos,encartucho
es-d-138	cclínicas	repeated-character	frequency-5001-50000	clínicas,clínica,clínicos,ciclónicas,cínicas	ciclónicas,clínica,clínicas,clínicos,cínicas
es-d-139	finngiendo	repeated-character	frequency-5001-50000	fingiendo,frangiendo,fungiendo	fingiendo,frangiendo,fungiendo
es-d-140	mmiraría	repeated-character	frequency-5001-50000	miraría,mirarla,mirara,tiraría,admiraría,airaría,amararía	admiraría,airaría,amararía,ameraría,amigaría,aminaría,ampraría,amuraría,emigraría,empraría,giraría,imitaría,marraría,medraría,memoraría,meraría,miaría,migaría,migraría,mimaría,mimbraría,minaría,mirara,mirarla,miraría,mirarían,mirarías,mirlaría,misaría,mitraría,moraría,muraría,ominaría,pairaría,piraría,remiraría,tiraría,viraría
es-d-141	cconcierne	repeated-character	frequency-5001-50000	concierne,conciernen,concierna,concierte	concierna,concierne,conciernen,concierte
es-d-142	habbrás	repeated-character	frequency-5001-50000	habrás,habrá,harás,sabrás,habrán,hablarás,haberos	cabrás,habares,haberes,haberos,hablarás,habrá,habrán,habrás,halarás,hambres,harbarás,harás,sabrás
es-d-143	abusaddo	repeated-character	frequency-5001-50000	abusado,abusando,acusado,acusando,abusador,abusada,abusados	abuhado,abujardo,abundado,aburado,aburando,abusad,abusada,abusadas,abusado,abusador,abusados,abusando,abuzado,abuzando,acusado,acusando,ahusado,ahusando,atusado,atusando
es-d-144	crupiier	repeated-character	frequency-5001-50000	crupier	crupier
es-d-145	veeintidós	repeated-character	frequency-5001-50000	veintidós	veintidós
es-d-146	corrrompe	repeated-character	frequency-5001-50000	corrompe,corromper,corrompa,corromped,corrompen,corrompes,corrompo	corrompa,corrompe,corromped,corrompen,corromper,corrompes,corrompo,corrompí
es-d-147	auullar	repeated-character	frequency-5001-50000	aullar,anular,aguilar,acallar,aballar,abollar,abultar	aballar,abollar,abultar,acallar,acollar,acular,adular,adulzar,afollar,aguilar,amellar,amollar,amuelar,amular,anillar,anublar,anular,apellar,aquellar,arrullar,atollar,aturullar,aullad,aullar,aullara,aullare,aullará,aullaré,azular,azulear,añublar,fuellar,guillar,magullar,mamullar,maullar,patullar,pulular,trullar,ulular,zullar
es-d-148	surjamoos	repeated-character	wordforms-unranked	surjamos,surcamos,surdamos,surtamos,urjamos	surcamos,surdamos,surjamos,surtamos,urjamos
es-d-149	diverrsificabas	repeated-character	wordforms-unranked	diversificabas,diversificaba,diversificabais,diversificaban,diversificadas,diversificaras	diversificaba,diversificabais,diversificaban,diversificabas,diversificadas,diversificaras
es-d-150	enmmugrecías	repeated-character	wordforms-unranked	enmugrecías,enmagrecías,enmugrecía,enmugrecíais,enmugrecían	enmagrecías,enmugrecía,enmugrecíais,enmugrecían,enmugrecías
es-d-151	aquejjareis	repeated-character	wordforms-unranked	aquejareis,aquejarais,aquejares,aquejaréis,aquejaseis,aquerareis,quejareis	aquejarais,aquejareis,aquejares,aquejaréis,aquejaseis,aquerareis,quejareis
es-d-152	enlistonareemos	repeated-character	wordforms-unranked	enlistonaremos,enlistonaríamos,enlistonáremos	enlistonaremos,enlistonaríamos,enlistonáremos
es-d-153	esfumaarás	repeated-character	wordforms-unranked	esfumarás,esfumarais,esfumaras,esfumares,esfumaros,esfumará,esfumarán	esfumarais,esfumaras,esfumares,esfumaros,esfumará,esfumarán,esfumarás,esfuminarás,espumarás
es-d-154	areenaría	repeated-character	wordforms-unranked	arenaría,adecenaría,aleznaría,alienaría,almenaría,apenaría,apeonaría	adecenaría,aleznaría,alienaría,almenaría,apenaría,apeonaría,apernaría,arelaría,arenara,arenaría,arenarían,arenarías,arencaría,arengaría,argentaría,arponaría,arranaría,arrearía,arrendaría,aserenaría,avenaría,avenenaría,barrenaría,carenaría,carmenaría,drenaría,frenaría,marcenaría,margenaría,ordenaría,reinaría,revenaría,serenaría
es-d-155	sementabbas	repeated-character	wordforms-unranked	sementabas,cementabas,dementabas,segmentabas,sementaba,sementabais,sementaban	cementabas,dementabas,segmentabas,sementaba,sementabais,sementaban,sementabas,sementadas,sementaras,sementarías
es-d-156	aballábamoss	repeated-character	wordforms-unranked	aballábamos,abaleábamos,aballáramos,abalábamos,abollábamos,acallábamos	abaleábamos,aballábamos,aballáramos,abalábamos,abollábamos,acallábamos
es-d-157	desminttieren	repeated-character	wordforms-unranked	desmintieren,desmintieran,desmintiere,desmintieres,desmintieron,desmintiesen	desmintieran,desmintiere,desmintieren,desmintieres,desmintieron,desmintiesen
es-d-158	embbabiamientos	repeated-character	wordforms-unranked	embabiamientos,embabiamiento	embabiamiento,embabiamientos
es-d-159	rrastrase	repeated-character	wordforms-unranked	arrastrase,rastrase,rastras,arrastrarse,arrastras,arrastraste,alastrase	alastrase,apastrase,arrastrare,arrastrarse,arrastras,arrastrase,arrastrasen,arrastrases,arrastraste,arrostrase,castrase,frustrase,lastrase,rastrare,rastrarse,rastras,rastrase,rastrasen,rastrases,rastraste,rastrease,rasurase,riostrase,trastease,trastrabe
es-d-160	terafiidedignamente	repeated-character	wordforms-unranked	terafidedignamente	terafidedignamente
es-d-161	imlaginar	insertion	frequent-1-5000	imaginar,imagina,imaginas,imaginan,imaginad,imaginara,imaginare	imagina,imaginad,imaginan,imaginar,imaginara,imaginare,imaginará,imaginaré,imaginas,invaginar,maginar
es-d-162	deasnudo	insertion	frequent-1-5000	desanudo,desnudo,desnuda,desnudos,denudo,desando,desanido	denudo,desando,desanido,desanuda,desanude,desanudo,desanudé,desanudó,desasnado,desayudo,desnuco,desnuda,desnude,desnudo,desnudos,desnudé,desnudó,desudo,reanudo
es-d-163	guitavrra	insertion	frequent-1-5000	guitarra,guitarras,guitara,guitarrera,guitarro,guitaría	guitara,guitarra,guitarras,guitarrera,guitarro,guitaría
es-d-164	fluerza	insertion	frequent-1-5000	fuerza,fuera,fuerzas,almuerza,fluiría,fluyera,fuerzan	almuerza,fluiría,fluyera,fuera,fuerza,fuerzan,fuerzas,fuerzo,fulera,tuerza
es-d-165	letraa	insertion	frequent-1-5000	letras,letra,letrada,letal,leerla,retrasa,letrina	detrae,detraía,fletara,iletrada,jetara,latría,lebrada,leerla,leería,legara,legra,legraba,legrad,legrada,legran,legrar,legrara,legras,lepra,lepras,lera,leras,lerda,letal,letea,leteas,letona,letra,letrada,letradas,letrado,letras,letrear,letrera,letrina,levara,leñara,litara,lutria,metra,metras,petara,retara,retrae,retrasa,retrata,retraía,tetara,vetara
es-d-166	muñetca	insertion	frequent-1-5000	muñeca,muñecas,muñeco,mueca,muleta,muesca,muceta	muceta,mueca,muesca,muleta,muñeca,muñecas,muñeco,muñera
es-d-167	prlometí	insertion	frequent-1-5000	prometí,prometo,promete,prometía,prometa,palometa	palometa,prometa,promete,prometo,prometí,prometía
es-d-168	myatarme	insertion	frequent-1-5000	matarme,matarte,matarle,matarse,tratarme,matare,atarme	acatarme,atarme,empatarme,mamarme,matare,matarle,matarme,matarse,matarte,mentarme,montarme,tratarme
es-d-169	rlaura	insertion	frequent-1-5000	laura,clara,rara,altura,flauta,lara,maura	aladra,albura,altura,arlara,aura,clara,flacura,flagra,flauta,glabra,glauca,labra,lacra,ladra,lara,larra,lauda,launa,laura,laurea,lauro,llanura,maura,orladura,orlara,pleura,ranura,rara,rasura,rauda,rauta,reabra,reara,recura,relabra,rezura,ricura,rilara,rojura,rolara,rotura,ruara,rulara
es-d-170	seus	insertion	frequent-1-5000	seis,sus,seas,sets,reus,seos,ses	reus,seas,seis,seos,ses,sets,seós,sus
es-d-171	atrahpados	insertion	frequent-1-5000	atrapados,atrampados,atrapado,atrapamos,atrasados,atrapadas,arrapados	arrapados,atracados,atrampadas,atrampado,atrampados,atrampamos,atrancados,atrapadas,atrapado,atrapados,atrapamos,atraparos,atrasados,atropados
es-d-172	uskted	insertion	frequent-1-5000	usted,vusted	usted,vusted
es-d-173	pednsando	insertion	frequent-1-5000	pensando,pensado,pesando,peinando,adensando,censando,penando	adensando,censando,peinando,penando,pendrando,pensado,pensando,perneando,pesando,prensando,tensando
es-d-174	cauble	insertion	frequent-1-5000	cable,calle,hable,cambie,cables,cubre,cabe	acaule,acubile,acule,amble,anuble,bable,cabe,cable,cablea,cablee,cableo,cables,cableé,cableó,caerle,cale,calle,cambe,cambie,cambre,camele,camufle,capole,cauce,cause,cautele,cavile,chufle,cimble,cubile,cubre,cuele,curable,dable,ecuable,fabule,hable,maule,nuble,paule,sable,table,tabule
es-d-175	obecdece	insertion	frequency-5001-50000	obedece,obedecer,obedecen,obedeces,obedeced,obedecí	obedece,obedeced,obedecen,obedecer,obedeces,obedecí
es-d-176	tijc	insertion	frequency-5001-50000	tic,tija	tic,tija
es-d-177	duyendes	insertion	frequency-5001-50000	duendes,duende,dependes,duendas,duendos	dependes,duendas,duende,duendes,duendos
es-d-178	canseus	insertion	frequency-5001-50000	canses,cases,cansas,cantes,canse,causes,candes	candes,caneas,canees,canes,cangues,canjeas,canjees,canjes,cansas,canse,cansemos,cansen,cansera,canseras,canses,cansos,cansáis,canséis,canteas,cantees,cantes,cases,causes,censes,ganseas,gansees
es-d-179	pronunciaxrlo	insertion	frequency-5001-50000	pronunciarlo,pronunciarla,pronunciarlos	pronunciarla,pronunciarlo,pronunciarlos
es-d-180	decadeqncia	insertion	frequency-5001-50000	decadencia,decadencias	decadencia,decadencias
es-d-181	mircaron	insertion	frequency-5001-50000	morcaron,miraron,marcaron,mercaron,mirlaron,tiraron,marcharon	airaron,airearon,amorcaron,amurcaron,arcaron,aricaron,birlaron,bizcaron,cercaron,ciscaron,corcaron,fincaron,firmaron,fricaron,giraron,hincaron,hirmaron,macaron,mancaron,marcaran,marcaren,marcaron,marcaros,marcarán,marcearon,marcharon,marearon,margaron,marraron,mascaron,meraron,mercaran,mercaren,mercaron,mercarán,mermaron,miagaron,miaron,miañaron,migaron,migraron,mimaron,minaron,miniaron,miraran,miraren,miraron,miraros,mirarán,mirlaran,mirlaren,mirlaron,mirlarán,misaron,mistaron,mitraron,mocaron,moraron,morcaran,morcaren,morcaron,morcarán,moscaron,muraron,murciaron,picaron,piraron,pirraron,pizcaron,riscaron,sirgaron,surcaron,tiraron,viraron
es-d-182	articyulo	insertion	frequency-5001-50000	articulo,artículo,articula,articule,articulé,articuló	articula,articule,articulo,articulé,articuló,artículo
es-d-183	frudto	insertion	frequency-5001-50000	fruto,fruta,rudo,frito,bruto,frutos,crudo	bruto,crudo,eructo,erudito,eruto,fausto,feudo,frado,freto,frito,froto,fruido,frunzo,frustro,fruta,frutado,frute,fruto,frutos,fruté,frutó,fruyo,rudo,rusto,ruto
es-d-184	sacruifique	insertion	frequency-5001-50000	sacrifique,sacrifiqué,sacarifique,sacrifiquen,sacrifiques,sanguifique	sacarifique,sacrifique,sacrifiquen,sacrifiques,sacrifiqué,sanguifique
es-d-185	intkerceptores	insertion	frequency-5001-50000	interceptores,interceptares,interceptoras	interceptares,interceptoras,interceptores
es-d-186	artesamno	insertion	frequency-5001-50000	artesano,artesanos,artesana,artesiano,artesono	artesana,artesano,artesanos,artesiano,artesono
es-d-187	topzarme	insertion	frequency-5001-50000	toparme,tomarme,tocarme,forzarme,copiarme,gozarme,rozarme	copiarme,forzarme,gozarme,rozarme,soplarme,taparme,tocarme,tomarme,topare,toparme,toparse,toparte,tornarme,tozare,tozarse,trazarme,tropezarme
es-d-188	hñojaldrare	insertion	wordforms-unranked	hojaldrare,hojaldrar,hojaldrara,hojaldraren,hojaldrares,hojaldrarse,hojaldrará	hojaldrar,hojaldrara,hojaldrare,hojaldraren,hojaldrares,hojaldrarse,hojaldrará,hojaldraré,hojaldrase
es-d-189	cgonfitándose	insertion	wordforms-unranked	confitándose,concitándose,confinándose,confiándose,confutándose	concitándose,confinándose,confitándose,confiándose,confutándose
es-d-190	cñarracas	insertion	wordforms-unranked	carracas,barracas,caracas,carraca,carracos,carrancas,carrascas	barracas,caracas,carraca,carracas,carracos,carrancas,carrascas,carrucas,charrabas,charradas,charraras
es-d-191	tporneada	insertion	wordforms-unranked	torneada,acorneada,aporreada,borneada,corneada,horneada,orneada	acorneada,aporreada,borneada,corneada,horneada,orneada,perneada,porreada,porteada,tironeada,toreada,tornada,torneaba,tornead,torneada,torneadas,torneado,torneara,torreada
es-d-192	enseripr	insertion	wordforms-unranked	enseriar,enserir,enserio,engerir,enjerir,enserar,enseria	engerir,enjerir,enserar,enseria,enseriad,enserian,enseriar,enseriara,enseriare,enseriará,enseriaré,enserias,enserid,enserida,enserido,enserie,enserien,enseriera,enseriere,enseries,enserio,enserir,enserirá,enseriré,enserié,enserió,inserir
es-d-193	riecobraban	insertion	wordforms-unranked	recobraban,recobraba,recobrabas,recobraran,reobraban,resobraban	recobraba,recobraban,recobrabas,recobraran,reobraban,resobraban
es-d-194	coracovarán	insertion	wordforms-unranked	corcovarán,corcovaran,corcovaren,corcovaron,corcovará,corcovarás,corcovearán	corcovaran,corcovaren,corcovaron,corcovará,corcovarán,corcovarás,corcovearán
es-d-195	latinizzador	insertion	wordforms-unranked	latinizador,latinizado,latinizadora,latinizados	latinizado,latinizador,latinizadora,latinizados
es-d-196	enutonaremos	insertion	wordforms-unranked	entonaremos,centonaremos,enconaremos,endonaremos,enratonaremos,enronaremos,entinaremos	centonaremos,enconaremos,endonaremos,enratonaremos,enronaremos,entinaremos,entolaremos,entonaremos,entongaremos,entonáremos,entornaremos,entoñaremos,entronaremos
es-d-197	dyibujarme	insertion	wordforms-unranked	dibujarme,dibujadme,dibujare,dibujarle,dibujarse,dibujarte	dibujadme,dibujare,dibujarle,dibujarme,dibujarse,dibujarte
es-d-198	labializdas	insertion	wordforms-unranked	labializadas,labializas,labializa,labializabas,labializad,labializada,labializado	labializa,labializabas,labializad,labializada,labializadas,labializado,labializados,labializan,labializar,labializaras,labializas,labializase,labializáis
es-d-199	ucarquesa	insertion	wordforms-unranked	carquesa,marquesa,carquesas	carquesa,carquesas,marquesa
es-d-200	tvoqueteaste	insertion	wordforms-unranked	toqueteaste,coqueteaste,moqueteaste,toquetease,traqueteaste	coqueteaste,moqueteaste,toquetease,toqueteaste,traqueteaste
es-d-201	murenao	two-edits	frequent-1-5000	murena,murenas,muriendo,moreno,morena,mírenlo,morenas	marengo,morena,morenas,moreno,murando,muren,murena,murenas,muriendo,muñendo,mírenlo
es-d-202	neesbdad	two-edits	frequent-1-5000	necesidad	necesidad
es-d-203	llamroy	two-edits	frequent-1-5000	llamo,llamaron,llamaos,llamaros,llameo	llamaos,llamaron,llamaros,llameo,llamo
es-d-204	riwulación	two-edits	frequent-1-5000	tripulación,simulación,regulación,titulación,tribulación	regulación,simulación,titulación,tribulación,tripulación
es-d-205	ndbndo	two-edits	frequent-1-5000	dando,andando,nadando	andando,dando,nadando
es-d-206	rzfuerzs	two-edits	frequent-1-5000	refuerzos,refuerzo,refuerza,refuerzas	refuerza,refuerzas,refuerzo,refuerzos
es-d-207	apaecvó	two-edits	frequent-1-5000	apareció,acaeció,aparcó,aparvó,apechó,apreció	acaeció,aparcó,apareció,aparvó,apechó,apreció
es-d-208	plesene	two-edits	frequent-1-5000	presente,pesen,plisen	pesen,plisen,presente
es-d-209	ionrá	two-edits	frequent-1-5000	irá,podrá,pondrá,honra,sonará,oirá,iones	donará,honra,honre,honro,honré,honró,inri,ion,iones,irá,izará,loará,oirá,podrá,pondrá,roerá,sonará,toará,tonará
es-d-210	traames	two-edits	frequent-1-5000	trames,traes,trajes,tratamos,trates,traemos,trabajes	brames,grames,reames,taraces,tarafes,tarajes,taramos,tarares,tarases,trabajes,trabales,trabamos,trabares,trabases,trabes,traces,traemos,traes,tragaces,tragamos,tragares,tragases,tragues,traites,trajees,trajes,tramamos,tramares,tramas,tramase,tramases,trame,tramen,trames,tramos,trances,trapaces,trapes,traques,trastes,tratamos,tratares,tratases,trates,traumas,trazamos,trazares,trazases,trazumes,traíamos,tremes,triales,triamos,triares,triases
es-d-211	soprcndente	two-edits	frequent-1-5000	sorprendente	sorprendente
es-d-212	bgens	two-edits	frequent-1-5000	bien,bueno,buena,buen,buenas,buenos,ben	baena,beis,ben,benes,bes,bien,bienes,bies,bines,bles,breas,brees,bren,brenes,buen,buena,buenas,bueno,buenos,gen,genes,ges
es-d-213	trrkrista	two-edits	frequent-1-5000	terrorista	terrorista
es-d-214	autétijo	two-edits	frequent-1-5000	auténtico	auténtico
es-d-215	concetlos	two-edits	frequency-5001-50000	conocerlos,conceptos,concretos,cocedlos,cocerlos,concejos,conectaos	cocedlos,cocerlos,concejos,conceptos,concretos,conectaos,conocerlos,conéctelos
es-d-216	cosireraste	two-edits	frequency-5001-50000	consideraste	consideraste
es-d-217	chncyullos	two-edits	frequency-5001-50000	chanchullos	chanchullos
es-d-218	ecearadas	two-edits	frequency-5001-50000	cerradas,encerradas,acaradas,aceradas,acharadas,aclaradas,becerradas	acaradas,aceradas,acharadas,aclaradas,becerradas,cerradas,charadas,declaradas,encaradas,enceradas,encerradas,enmaradas,envaradas,esbaradas,esvaradas,execradas,rearadas
es-d-219	bllgan	two-edits	frequency-5001-50000	salgan,llegan,obligan,belga,belgas,valgan,alagan	alagan,alegan,allegan,bagan,balan,baldan,balean,belga,belgas,bilman,bogan,bolean,bollan,bregan,bullan,bullían,legan,ligan,llagan,llegan,melgan,obligan,plagan,salgan,silgan,valgan
es-d-220	pregntjran	two-edits	frequency-5001-50000	preguntaran	preguntaran
es-d-221	steatagema	two-edits	frequency-5001-50000	estratagema	estratagema
es-d-222	pentrd	two-edits	frequency-5001-50000	entre,dentro,centro,entra,entró,entré,entro	centra,centrad,centre,centro,centré,centró,dentad,dentro,entra,entrad,entre,entro,entré,entró,mentad,mentid,pectad,peltre,penad,penar,penara,penare,penará,penaré,pended,pendra,pendrad,pendre,pendro,pendré,pendró,penetra,penetrad,penetre,penetro,penetré,penetró,pensad,petad,pintad,puntad,rentad,sentad,sentid,tentad,ventad
es-d-223	isrón	two-edits	frequency-5001-50000	misión,visión,irán,barón,varón,simón,tirón	airón,barón,dispón,fisgón,fisión,hurón,impón,irán,irún,issn,ión,jirón,lirón,listón,marón,mirón,misión,morón,narón,nerón,obrón,ostrón,parón,perón,pistón,serón,sidón,sifón,simón,sisón,tirón,varón,visión
es-d-224	runmrá	two-edits	frequency-5001-50000	unirá,reunirá,aunará,cunará,punirá,ruará,rucará	aunará,cunará,punirá,reunirá,ruará,rucará,rugará,rugirá,ruinará,rulará,rutará,ruñará,tunará,unirá
es-d-225	nvedar	two-edits	frequency-5001-50000	vedar,quedar,nadar,novedad,negar,navegar,velar	acedar,asedar,avadar,avelar,avenar,averar,avezar,enredar,envelar,enverar,envesar,envidar,jedar,nadar,navegar,negar,nevar,nielar,nivelar,novedad,novelar,predar,quedar,redar,sedar,veda,vedad,vedan,vedar,vedara,vedare,vedará,vedaré,vedas,vejar,velar,vendar,vetar,vezar
es-d-226	aursirse	two-edits	frequency-5001-50000	abrirse,aburrirse,apurrirse,asirse,aturdirse,cursarse,curtirse	abrirse,aburrirse,apurrirse,asirse,aturdirse,cursarse,curtirse,cusirse,musirse,purrirse,surdirse,surgirse,surtirse,urdirse,urgirse,zurcirse,zurdirse,zurrirse
es-d-227	alimetazo	two-edits	frequency-5001-50000	alimentado,aletazo,palmetazo	aletazo,alimentado,palmetazo
es-d-228	olvágeo	two-edits	wordforms-unranked	oleáceo,oliváceo	oleáceo,oliváceo
es-d-229	tavujase	two-edits	wordforms-unranked	tapujase,adujase,mamujase,tabulase,tajase,tamujas,tapujare	adujase,mamujase,tabulase,tajase,tamujas,tapujare,tapujarse,tapujas,tapujase,tapujasen,tapujases,tapujaste,tarjase,tatuase
es-d-230	imrolizaríais	two-edits	wordforms-unranked	ironizaríais,simbolizaríais	ironizaríais,simbolizaríais
es-d-231	escaramucarp	two-edits	wordforms-unranked	escaramucear,escaramuceara,escaramuceare,escaramuceará,escaramucearé,escaramuzar,escaramuzara	escaramucear,escaramuceara,escaramuceare,escaramuceará,escaramucearé,escaramuzar,escaramuzara,escaramuzare,escaramuzará,escaramuzaré
es-d-232	desustancarñas	two-edits	wordforms-unranked	desestancaras,desestancarías,desustanciaras,desustanciarías	desestancaras,desestancarías,desustanciaras,desustanciarías
es-d-233	eptiaéis	two-edits	wordforms-unranked	entibéis,enticéis,entinéis,epitiméis,estibéis,estiléis,estiméis	entibéis,enticéis,entinéis,epitiméis,estibéis,estiléis,estiméis,estiréis,extraéis,optiméis
es-d-234	proárwoslos	two-edits	wordforms-unranked	probárnoslos,probároslos	probárnoslos,probároslos
es-d-235	enfurruñrec	two-edits	wordforms-unranked	enfurruñare,enfurruñaren,enfurruñares,enfurruñe,enfurruñen,enfurruñes	enfurruñare,enfurruñaren,enfurruñares,enfurruñe,enfurruñen,enfurruñes
es-d-236	onxentirían	two-edits	wordforms-unranked	consentirían	consentirían
es-d-237	tempoalocemos	two-edits	wordforms-unranked	temporalicemos	temporalicemos
es-d-238	adventiiab	two-edits	wordforms-unranked	adventicia,adventicias	adventicia,adventicias
es-d-239	agecivrán	two-edits	wordforms-unranked	agenciarán	agenciarán
es-d-240	buzms	two-edits	wordforms-unranked	buzos,buzas,bus,buzón,bum,buzo,buses	abuzas,bauzas,bazas,bazos,bizma,bizmas,bizme,bizmes,bizmo,bizmé,bizmó,bozas,bozos,bruzas,bruzos,bubas,buces,bucos,budas,bufas,bufes,bufos,bujes,bulas,bulos,bum,burís,bus,buses,buyos,buza,buzad,buzamos,buzan,buzar,buzas,buzase,buzo,buzos,buzáis,buzó,buzón,uzos,zums
