ru-d-001	полици	deletion	frequent-1-5000	полиция,полиции,полицию,полижи,полили,полицаи,полиций	голики,долижи,долили,колики,молили,нолики,палили,палиц,палица,палице,палицу,палицы,пилили,плиц,плица,плице,плицу,плицы,побили,повиси,подиви,подлили,поживи,пожили,позиции,позиций,позицию,позиция,позлили,поили,поилиц,поилица,поилице,поилицу,поилицы,поилки,поищи,полами,полати,полдни,полежи,полети,полечи,ползи,ползки,ползли,ползти,полив,полива,поливе,поливки,поливу,поливы,полижи,полижу,полил,полила,полили,полило,полин,полина,полинг,полине,полину,полины,полип,полипа,полипе,полипу,полипы,полис,полиса,полисе,полису,полисы,полит,полита,политик,полито,политы,полить,полицае,полицаи,полицай,полицаю,полицая,полицией,полициею,полиции,полиций,полицию,полиция,полициям,полициях,полки,полмили,полнили,полови,пологи,положи,пололи,полоцк,полощи,получи,полыми,полыни,польки,польши,полюби,поляки,полями,помири,попики,попили,попиши,порции,посиди,почили,почини,пошили,пролили,пылили,пылищи,пялили,ролики,солили,толики,холили
ru-d-002	засавило	deletion	frequent-1-5000	заставило,задавило,засадило,заставил,заставила,заставили,засадил	забасило,завалило,заварило,завило,загадило,загасило,задавало,задавил,задавила,задавили,задавило,задарило,зажарило,заживило,закалило,закатило,заладило,заманило,запалило,заправило,заразило,засадил,засадила,засадили,засадило,засевало,заселило,засолило,засорило,заставало,заставил,заставила,заставили,заставило,застило,засудило,засучило,засушило,затаило,затащило,затравило,зачалило,зашалило,заявило,набавило,надавило,насадило,наставило
ru-d-003	ерет	deletion	frequent-1-5000	реет,едет,берет,врет,орет,дерет,ере	берет,врет,дерет,едет,ере,жрет,мрет,орет,прет,реет,трет
ru-d-004	шука	deletion	frequent-1-5000	гука,ушка,щука,шутка,штука,сука,рука	бука,гука,жука,кука,лука,мука,пука,рука,сука,тука,ушка,хука,шика,шока,штука,шуба,шубка,шуга,шума,шумка,шура,шурка,шута,шутка,щука
ru-d-005	ди	deletion	frequent-1-5000	ли,дм,и,да,до,ни,иди	аи,бди,да,дб,де,дж,див,дик,дим,дин,дли,дм,дн,дни,до,дои,др,жди,и,иди,ли,ми,ни,пи,си,уди,фи,хи,щи
ru-d-006	моодых	deletion	frequent-1-5000	молодых,отдых,молодые,молодым,молоды,моды,модных	гордых,младых,модах,модных,моды,мокрых,молодух,молоды,молодые,молодым,молодых,молотых,мордах,морды,моровых,моховых,мощных,отдых
ru-d-007	хороие	deletion	frequent-1-5000	хорошие,хорошо,хороший,городе,хорошее,хорош,дороге	борове,бороде,бороне,вороге,вороне,вороте,ворохе,горние,городе,горохе,дороге,дорогие,дороже,зоркие,коробе,корове,короле,короне,короче,морозе,мороке,норове,пороге,породе,пороке,порохе,пороше,сороке,тороид,тороиде,тороне,торосе,форосе,хароне,хворобе,хворое,хироне,хлорозе,хоботе,ходкие,ходоке,холоде,холопе,хорале,хорде,хоре,хорее,хори,хориное,хорион,хорионе,хорное,хорные,хоров,хоровое,хоровые,хором,хоромы,хорони,хоронил,хороним,хоронит,хороните,хороню,хороня,хорош,хороша,хорошее,хорошей,хорошел,хорошем,хорошею,хорошея,хороши,хорошие,хороший,хорошим,хороших,хорошо,хорьке,хохоте,хроме,шорохе
ru-d-008	часв	deletion	frequent-1-5000	часа,часы,часов,час,часу,часе,чаев	чаев,час,часа,часе,часов,част,часу,часы
ru-d-009	выбрл	deletion	frequent-1-5000	выбрал,выбил,выбыл,выбрил,выбор,вышел,выбора	вбил,взбил,взбрел,взбрёл,вобл,вобрал,врыл,выбег,выбей,выбелю,выбери,выберу,выбив,выбил,выбила,выбили,выбило,выбирал,выбит,выбор,выбора,выборг,выборе,выбору,выборы,выбрав,выбрал,выбрала,выбрали,выбрало,выбран,выбрей,выбрею,выбрив,выбрил,выбрила,выбрили,выбрило,выбрит,выброс,выбыв,выбыл,выбыла,выбыли,выбыло,выбью,вывел,выгул,выдал,выдел,выдр,выдра,выдрал,выдре,выдру,выдры,выдул,выел,выжал,выжил,выжрал,выжри,выжру,вызрел,выкал,выкрал,выл,вылил,вымел,вымыл,вынул,выпал,выпил,выпри,выпру,вырыл,вытри,вытру,вычел,вышел,вышил
ru-d-010	маочка	deletion	frequent-1-5000	мамочка,марочка,маячка,мочка,папочка,точка,майка	бабочка,балочка,баночка,бачка,бочка,вазочка,ваточка,гаечка,галочка,дамочка,дачка,дочка,елочка,замочка,заточка,ирочка,кадочка,качка,клочка,кочка,лавочка,лапочка,ласочка,лачка,маевка,мазка,мазчика,майка,мака,макака,маковка,малка,малька,мамка,мамочка,мамочкам,мамочках,мамочке,мамочки,мамочку,манка,марка,марочка,марочкам,марочках,марочке,марочки,марочку,маска,матка,матча,махорка,махотка,мачта,машка,маяка,маяча,маячка,маячкам,маячках,маячке,маячки,маячку,маёвка,мерочка,мешочка,милочка,мисочка,мойка,молочка,мотка,моточка,моча,мочка,мочкам,мочках,мочке,мочки,мочку,мошка,ночка,очка,палочка,папочка,парочка,паучка,пачка,почка,разочка,рамочка,рачка,садочка,саечка,сачка,сточка,тапочка,тачка,точка,удочка,улочка,уточка,чарочка,часочка,шаечка,шапочка,юбочка,ямочка,ёлочка
ru-d-011	отова	deletion	frequent-1-5000	готова,олова,остова,отава,отлова,оторва,отцова	адова,азова,айова,атома,борова,ботва,ботов,ботовая,вдова,вова,голова,готов,готова,готовая,готовка,готово,готовы,готовь,готовя,дотов,дрова,зова,истова,итога,итожа,корова,котов,крова,лова,логова,лотов,лотоса,мотива,мотов,мотовка,мотора,нова,норова,облова,обнова,обода,обоза,обола,овода,овоща,ожога,озов,озона,оков,оковав,оковал,оковам,окован,оковах,оковка,оковы,окопа,окота,октава,октода,олива,олова,олове,олово,олову,омов,опока,опора,оптовая,оптово,орава,ортов,основа,особа,осока,остов,остова,остовам,остовах,остове,остову,остовы,острова,отава,отаве,отаву,отавы,отара,отбора,отв,отвал,отвар,отвод,отвода,отгона,отдав,отека,отела,отжав,отзови,отзову,отзыва,отита,отковав,отковал,откован,отковка,откола,откоса,отлива,отлов,отлова,отлове,отлови,отлову,отлога,относа,ото,отозвав,отозвал,отозван,отопи,оторва,оторвав,оторвал,оторван,оторве,оторви,оторву,оторвы,отошла,отощав,отощай,отощал,отощаю,отпав,отпора,отрав,отрава,отрога,отрока,отрыва,отсева,отсоса,оттава,оттока,отхода,отца,отцов,отцова,отцово,отцову,отцовы,отёка,отёла,охов,охота,плова,попова,потов,потовая,потока,потопа,ростова,ротовая,ротора,ртов,слова,снова,сова,сотов,сотовая,стога,стока,стола,стона,стопа,тов,товар,тога,тока,тола,тома,тона,топа,тора,точа,тоща,тува,тыва,улова,фотов,фотона,фтора,чтива,штока,штора,штофа,эолова,ютов,якова
ru-d-012	назанием	deletion	frequent-1-5000	названием,название,заданием,наказанием,знанием,вязанием,гаданием	вязанием,гаданием,газанем,даванием,ерзанием,заданием,знанием,капанием,касанием,катанием,качанием,лазаньем,лаканием,латанием,лизанием,мазаньем,маканием,маранием,маханием,нажатием,название,названием,названиям,назиданием,называнием,наказанием,нарезанием,незнанием,нищанием,оказанием,паданием,резанием,сазаньем,сказанием,указанием,фазаньем,шаганием,шатанием,ёрзанием
ru-d-013	одумал	deletion	frequent-1-5000	думал,подумал,обдумал,додумал,удумал,думаю,думала	вдувал,вздумал,выдумал,додумав,додумай,додумал,додумала,додумали,додумало,додуман,додумаю,дума,думай,думал,думала,думали,думало,думам,думах,думаю,думая,задумал,надумал,обдувал,обдумав,обдумай,обдумал,обдумала,обдумали,обдумало,обдуман,обдумаю,обувал,обучал,одевал,одичал,одумался,одурел,одурял,окунал,окупал,окутал,опутал,опухал,осушал,отдувал,отучал,очумел,ощупал,ощущал,подумав,подумай,подумал,подумала,подумали,подумало,подумаю,подучал,подымал,продумал,сдувал,удумав,удумал,удумала,удумали,удумало,удумаю,удушал
ru-d-014	бийцу	deletion	frequent-1-5000	убийцу,бойцу,убийца,убийцы,лицу,пиццу,убийц	арийцу,байку,байту,бийск,бийску,биллу,бимсу,бинту,биоту,биржу,бирку,бирму,бисау,битву,битлу,биту,бичу,блицу,бойку,бойца,бойце,бойцу,бойцы,борцу,буйку,винцу,живцу,зайцу,линцу,лицу,ниццу,пивцу,писцу,пиццу,ситцу,убивцу,убийц,убийца,убийце,убийцу,убийцы,яйцу
ru-d-015	разорала	deletion	frequency-5001-50000	разорвала,разобрала,разодрала,разорила,разоряла,работала,разорвал	газовала,загорала,заорала,нагорала,наорала,работала,радовала,разбирала,развала,разврата,раздала,раздирала,разевала,разжала,разломала,размокала,размотала,разобрал,разобрала,разобрали,разобрало,разобрана,разобщала,разогнала,разогрела,разодела,разодрал,разодрала,разодрали,разодрало,разодрана,разожгла,разора,разоралась,разорался,разорвал,разорвала,разорвали,разорвало,разорвана,разорена,разорил,разорила,разорили,разорило,разоружала,разорял,разоряла,разоряли,разоряло,разорёна,разослала,разочла,разрыла,разубрала,разувала,разыграла,ратовала
ru-d-016	огорчн	deletion	frequency-5001-50000	огорчен,огорчи,огорчу,огорчён,огород,горн,огорчена	горн,горча,горче,оборон,оголен,оголён,огород,огорчай,огорчал,огорчат,огорчаю,огорчая,огорчен,огорчена,огорчено,огорчены,огорчи,огорчив,огорчил,огорчим,огорчит,огорчу,огорчён,огорчёна,огорчёно,огорчёны
ru-d-017	отрову	deletion	frequency-5001-50000	оторву,острову,отзову,отлову,отраву,отреву,отрогу	борову,кирову,коврову,корову,крову,норову,обзову,облову,обнову,оборву,оброку,обрыву,олову,оправу,опросу,опрошу,опрощу,оптрону,ораву,орошу,ортов,основу,остову,остров,острова,острове,островку,острову,острогу,острому,остроту,отаву,отбору,отброжу,отбросу,отброшу,отводу,отвожу,отгону,отживу,отзови,отзову,отзовут,отзыву,отковку,отколу,откосу,откошу,отливу,отлов,отлова,отлове,отлови,отлову,отложу,отмочу,относу,отношу,оторва,оторве,оторви,оторву,оторвут,оторвы,оторочу,отпору,отпрошу,отрав,отрава,отраве,отрави,отраву,отравы,отраду,отражу,отращу,отреву,отревут,отрежу,отрезу,отрину,отрог,отрога,отроге,отроги,отрогу,отроду,отроем,отроет,отрок,отрока,отроке,отроки,отроку,отрос,отрою,отроют,отру,отрубу,отрыв,отрыва,отрыве,отрывку,отрыву,отрывы,отряду,отрясу,отсеву,отсосу,отсрочу,оттаву,оттоку,отточу,отходу,отхожу,отцов,отцова,отцово,отцову,отцовы,охровую,петрову,покрову,потраву,потрошу,сарову,стробу,строку,строму,строну,стропу,строфу,строчу,торов,торону,торосу,траву,трону,тропу,тросу,троту,утробу
ru-d-018	фнтастически	deletion	frequency-5001-50000	фантастически,фантастический,фантастические,фантастическим,фантастических	фантастически,фантастические,фантастический,фантастическим,фантастических
ru-d-019	потрясене	deletion	frequency-5001-50000	потрясена,потрясен,потрясение,потрясены,потрясено,потрясете,сотрясение	отрясен,отрясена,отрясено,отрясены,отрясете,потрясаете,потрясем,потрясен,потрясена,потрясение,потрясением,потрясении,потрясений,потрясению,потрясения,потрясенно,потрясенное,потрясенные,потрясено,потрясены,потрясет,потрясете,потрясешь,потрясшее,потрясшие,потрясён,потрясёна,потрясёно,потрясёны,потрясёте,протрясете,сотрясен,сотрясена,сотрясение,сотрясено,сотрясены,сотрясете
ru-d-020	далог	deletion	frequency-5001-50000	залог,дало,налог,диалог,долог,дело,долго	алого,алое,алой,алом,алоэ,алою,аналог,балов,балок,балом,батог,блог,валов,валок,валом,гало,галок,галоп,галош,давок,дал,дала,далай,далее,далей,далек,дали,дало,далось,дался,даль,далью,далям,далях,далёк,дамой,дамок,дамою,дано,дао,даров,даром,датой,датою,дело,делом,деляг,диалог,диалога,диалоге,диалоги,диалогу,дог,долг,долго,долов,долог,долой,долом,долот,дорог,драло,дрог,дуло,дулом,едало,жало,жалоб,жалок,жалом,ждало,залег,залов,залог,залога,залоге,залоги,залогу,залом,заляг,залёг,калом,калонг,калош,лог,мало,малого,малое,малой,малок,малом,малою,налег,налог,налога,налоге,налоги,налогу,наляг,налёг,отлог,пало,палов,палого,палое,палой,палок,палом,палою,полог,салаг,сало,салок,салол,салом,салон,салоп,сапог,сдало,слог,талого,талое,талой,талом,талон,талою,удало,удалого,удалое,удалой,удалом,удалою,фалов,фалом,халой,халою,чалов,чалого,чалое,чалой,чалом,чалою,шалого,шалое,шалой,шалом,шалою,эклог
ru-d-021	анкам	deletion	frequency-5001-50000	банкам,андам,аннам,аркам,инкам,манкам,панкам	абакам,абрам,агнцам,адам,азам,айкаем,айкай,айкал,айкаю,айкая,акад,акаем,акай,акал,акаю,акая,аким,акрам,актам,акынам,алкаем,алкал,алкан,алкаш,алкаю,алкая,аллам,анат,ангар,андам,андами,андах,анкара,анкаре,анкару,анкары,анкер,анкерам,анкет,анкетам,анклав,анна,аннам,аннами,аннах,анодам,антикам,анфас,анька,аням,арам,арбам,арка,аркад,аркам,арками,аркан,арках,арфам,арыкам,асам,атакам,аукаем,аукай,аукал,аукаю,аукая,аулам,аутам,ахам,бабкам,байкам,бакам,балкам,бандам,банка,банкам,банками,банках,банком,бантам,банькам,баркам,баскам,бачкам,башкам,бекам,бланкам,бокам,букам,быкам,бякам,валкам,ваннам,вантам,ваткам,векам,венкам,внукам,гайкам,галкам,гикам,гонкам,гранкам,давкам,дайкам,дамкам,дачкам,декам,докам,донкам,елкам,жаннам,жанрам,жаткам,женкам,жукам,жёнкам,задкам,заикам,зайкам,замкам,зенкам,знакам,зыкам,зэкам,инка,инкам,инками,инках,иннам,инокам,иранкам,искам,кадкам,каикам,канкан,кантам,каскам,каткам,качкам,кашкам,кокам,кукам,лавкам,лайкам,лакам,ланка,лапкам,ласкам,латкам,ликам,линкам,лукам,лункам,люкам,мазкам,майкам,макам,малкам,мамкам,мангам,манка,манкам,манками,манках,манком,маркам,маскам,маткам,маякам,мукам,мшанкам,наказ,накал,накат,нам,нанка,нарам,наукам,окнам,осанкам,очкам,пазкам,пайкам,палкам,панам,пандам,паникам,панка,панкам,панками,панках,панком,паннам,папкам,паркам,паукам,пачкам,пенкам,пикам,пинкам,планкам,пукам,разкам,ракам,рамкам,ранам,рангам,ранка,ранкам,ранками,ранках,рантам,ранцам,рачкам,рекам,ржанкам,рукам,рыкам,рынкам,садкам,сайкам,салкам,самкам,санам,санкам,санками,санках,сачкам,сашкам,снам,сокам,станкам,сукам,сынкам,танка,танкам,танками,танках,танком,танцам,тапкам,тачкам,тикам,токам,тынкам,тюкам,унтам,уркам,уткам,ушанкам,ушкам,фанзам,фантам,фаскам,финкам,франкам,хамкам,ханам,ханка,хаткам,хукам,цангам,цацкам,чаинкам,чайкам,чанам,чаркам,часкам,чашкам,чекам,шавкам,шажкам,шайкам,шансам,шапкам,шашкам,шинкам,шнекам,шпанкам,щекам,щенкам,щукам,юбкам,южанкам,юнгам,юнцам,юркам,яванкам,явкам,якам,ямкам,янам,ёлкам
ru-d-022	жалются	deletion	frequency-5001-50000	жалуются,жалится,жалятся,жалуется,валяются,даются,балуются	балуются,валится,валятся,валяются,ваяются,даются,жалился,жалимся,жалится,жалиться,жался,жалуется,жалуйся,жалуются,жалься,жалюсь,жалятся,жарится,жарятся,желаются,жуются,зальются,каются,колются,лаются,маются,мелются,нальются,салютуя,сжалится,сжалятся,шлются
ru-d-023	траиционной	deletion	frequency-5001-50000	традиционной,традиционный,традиционно,традиционное,рационной,традиционном,традиционною	рационной,традиционно,традиционное,традиционной,традиционном,традиционною,традиционный,фракционной
ru-d-024	запонил	deletion	frequency-5001-50000	заронил,запомнил,заполнил,звонил,закончил,запомни,заходил	заботил,заводил,заводнил,завозил,завонял,завопил,загнил,заголил,загони,загоним,загонит,загонял,зазвонил,закончил,закосил,заложил,заломил,заманил,заменил,заморил,замочил,занозил,заносил,запалил,запил,запоганил,запои,заполни,заполнив,заполнил,заполнила,заполнили,заполнило,заполним,заполнит,заполнял,заполонил,запомни,запомнив,запомнил,запомнила,запомнили,запомнило,запомним,запомнит,запонка,запонке,запонки,запонку,запонок,запори,запорол,запортил,запотел,запросил,запулил,запылил,зародил,зарони,заронив,заронил,заронила,заронили,заронило,зароним,заронит,заслонил,засолил,засорил,заспорил,затенил,затони,затонул,затопил,заточил,заходил,зачинил,зашорил,звонил,капонир,напоил,наполнил,напомнил,сапонин,сапонит,узаконил
ru-d-025	здеты	deletion	frequency-5001-50000	дзеты,одеты,задеты,вдеты,здесь,дети,идет	адепты,бдеть,беты,вдет,вдета,вдето,вдеты,вдетые,вдетый,вдетым,вдетых,вдеть,вздетые,вздетый,вздетым,вздетых,вздеть,взлеты,греты,даты,девы,деды,детвы,дети,деть,дзета,дзете,дзету,дзеты,дзоты,диеты,доты,едет,едете,ждет,ждете,заветы,заделы,задет,задета,задето,задеты,задетые,задетый,задетым,задетых,задеть,задуты,залеты,заметы,зачеты,здесь,зевы,зет,зета,зете,зету,зонты,зреть,зудеть,идет,идете,кадеты,кеты,маеты,надеты,обеты,одет,одета,одето,одеты,одетые,одетый,одетым,одетых,одеть,раздеты,рдеть,светы,сдуты,сеты,слеты,сметы,спеты,суеты,счеты,тщеты,уделы,цветы,четы,шкеты,эдемы
ru-d-026	витами	deletion	frequency-5001-50000	видами,витамин,битами,визами,вилами,винами,винтами	авистами,аистами,актами,аутами,бинтами,битам,битами,битвами,битлами,битыми,бичами,ботами,вагами,вазами,валами,вами,вантами,ватаги,ватками,ваттами,вахтами,вбитыми,вгибами,ведами,вежами,веками,венами,весами,ветками,ветлами,ветрами,вехами,вещами,видали,видам,видами,визави,визам,визами,визитами,вилам,вилами,вилками,виллами,винам,винами,винтам,винтами,виолами,виражи,виршами,висками,витаем,витает,витай,витал,витала,витали,виталии,виталий,виталик,виталию,виталия,витало,витамин,витамина,витамине,витамину,витамины,витание,витании,витанию,витания,витать,витаю,витают,витая,вити,витим,витима,витиме,витиму,виткам,витками,витки,витом,витому,витражи,витым,витыми,витьки,витязи,витям,витями,вихрами,влитыми,водами,возами,воинами,волами,вонами,ворами,впитали,вратами,встали,втащи,вузами,вшами,вшитыми,вытащи,вязами,вётлами,гидами,гиками,гифами,готами,датами,дивами,диетами,димами,динами,дотами,жигами,жидами,жилами,жирами,зилами,зимами,зинами,ивами,ирами,итаки,квинтами,квитками,квотами,кижами,кипами,кисами,китам,китами,котами,латами,левитами,летами,лигами,лидами,лизами,ликами,липами,лирами,лисами,листами,литам,литами,литрами,литыми,лифтами,лицами,лотами,матами,мбитами,мигами,мимами,минами,мирами,миртами,митрами,митями,мифами,мотами,нивами,низами,нинами,нитам,нитами,нитками,нитями,нишами,нотами,овитыми,ортами,пиитами,пиками,пилами,пимами,пинтами,пирами,питали,пихтами,плитами,потами,путами,пятами,ригами,ризами,ритам,ритами,ритмами,рифами,рифтами,ротами,ртами,рутами,сватами,свитам,свитами,свитками,свитыми,свищами,сетами,сигами,силами,ситам,ситами,ситцами,скитами,сотами,стами,сюитами,татами,тиками,типами,тирами,тисами,титлами,титрами,увитыми,улитами,унтами,устами,фатами,фиатами,фивами,фигами,финтами,фитам,фитами,фифами,фотами,футами,хатами,хватами,хитам,хитами,хитати,хотами,цветами,чижами,чинами,чипами,читали,шиитами,шинами,шипами,шитыми,шишами,шутами,щитам,щитами,щитками,юртами,ютами,яхтами
ru-d-027	воеными	deletion	frequency-5001-50000	военными,водными,вощеными,доеными,поеными,военным,важными	боевыми,борными,важными,ванными,вареными,ватными,вводными,ввозными,вдетыми,веерными,венами,верными,вечными,вещными,веяными,видными,винными,водным,водными,водяными,военным,военными,воинами,войнами,волевыми,волнами,вольными,вонами,вороными,вощаными,вощенными,вощеным,вощеными,вощёными,вредными,врезными,входными,выемными,вялеными,годными,горными,двойными,дворными,доенными,доеным,доеными,дойными,донными,доёными,жжеными,зобными,зонными,зорными,ионными,йодными,коечными,кожными,конными,косными,кошеными,кроеными,лобными,ложными,лонными,лощеными,модными,моечными,молеными,мореными,мочеными,мощеными,мощными,ножными,норными,нотными,ночными,ношеными,овощными,оными,очными,плоеными,поенными,поеным,поеными,полными,потными,поёными,рвотными,ровными,родными,ройными,росными,ротными,сводными,сворными,слоеными,соевыми,солеными,сонными,сорными,сочными,сошными,твореными,томными,тонными,тореными,торными,точеными,точными,тошными,учеными,хвойными,хожеными,холеными,хорными,шовными,шорными,явочными
ru-d-028	вытригшими	deletion	wordforms-unranked	выстригшими,выбрившими,выпрягшими,выстригшим,вытрясшими,вытурившими,остригшими	выбрившими,выпрягшими,выстригшим,выстригшими,вытрясшими,вытурившими,остригшими,стригшими
ru-d-029	стрктурирующий	deletion	wordforms-unranked	структурирующий,структурирующей,структурирующие,структурирующим,структурирующих	структурирующей,структурирующие,структурирующий,структурирующим,структурирующих
ru-d-030	тупсинца	deletion	wordforms-unranked	туапсинца,тупица,тиксинца,туапсинцам,туапсинцах,туапсинце,туапсинцу	тиксинца,туапсинца,туапсинцам,туапсинцах,туапсинце,туапсинцу,туапсинцы,тувинца,тупица
ru-d-031	откадывающую	deletion	wordforms-unranked	откалывающую,отгадывающую,отказывающую,откапывающую,откатывающую,откидывающую,откладывающую	обкалывающую,обкапывающую,обкатывающую,обкладывающую,обкрадывающую,оказывающую,окалывающую,окапывающую,окатывающую,окидывающую,отведывающую,отгадывающею,отгадывающую,отказывающею,отказывающую,откалывающею,откалывающую,откапывающею,откапывающую,откатывающею,откатывающую,откачивающую,откидывающею,откидывающую,откладывающею,откладывающую,отковывающую,открывающую,откусывающую,отламывающую,отматывающую,отсасывающую
ru-d-032	бедлау	deletion	wordforms-unranked	бедлам,бедламу,бедная,беда,белая,беду,белла	бдела,беглая,беда,бедам,бедах,бедлам,бедлама,бедламе,бедламу,бедна,бедная,бедолаг,бедолагу,бедра,бедрам,бедрах,бедру,беду,бела,белая,белку,белла,беллам,беллах,беллу,быдла,быдлу,седла,седлай,седлал,седлам,седлах,седлаю,седлая,седлу
ru-d-033	понижавше	deletion	wordforms-unranked	понижавшее,понижавшей,понижавшем,понижавшею,понижавшие,понижавшая,понижавшего	понижавшая,понижавшего,понижавшее,понижавшей,понижавшем,понижавшему,понижавшею,понижавшие,понижавший,понижавшим,понижавших,понижавшую,понижаете,понижаешь,понижайте,поникавшее,поникавшей,поникавшем,поникавшею,поникавшие,понимавшее,понимавшей,понимавшем,понимавшею,понимавшие
ru-d-034	сучишей	deletion	wordforms-unranked	сучившей,лучшей,сучий,бучившей,всучившей,жучившей,кукишей	бучившей,всучившей,жучившей,кукишей,лучшей,мучившей,пучившей,ручищей,скучищей,случившей,судившей,сузившей,сулившей,сучившее,сучившей,сучившем,сучившею,сучивший,сучий,сучите,сучишь,сучьей,сушей,сушившей,учившей,щучившей
ru-d-035	подвигавшеся	deletion	wordforms-unranked	подвигавшееся,подвигавшейся,подвигавшемся,подвигавшеюся,подвигавшиеся,подвигавшая,подвигавшаяся	подвигавшая,подвигавшаяся,подвигавшего,подвигавшегося,подвигавшее,подвигавшееся,подвигавшей,подвигавшейся,подвигавшем,подвигавшемся,подвигавшему,подвигавшемуся,подвигавшею,подвигавшеюся,подвигавшиеся,подвигавшийся,подвигавшимся,подвигавшись,подвигавшихся,подвигавшуюся,подвигаешься,подвизавшееся,подвизавшейся,подвизавшемся,подвизавшеюся,подвизавшиеся,продвигавшееся,продвигавшейся,продвигавшемся,продвигавшеюся,продвигавшиеся
ru-d-036	садитках	deletion	wordforms-unranked	садиках,садистках,агитках,вадиках,завитках,задатках,задиках	агитках,вадиках,завитках,задатках,задиках,калитках,напитках,радистках,садика,садикам,садиках,садистах,садистка,садисткам,садистках,садках,садочках,сардинках,свитках,семитках,слитках
ru-d-037	плёочными	deletion	wordforms-unranked	плёночными,плёточными,блочными,елочными,клёпочными,лёгочными,оплёточными	блочными,елочными,клёпочными,лёгочными,оплёточными,палочными,папочными,пасочными,паточными,пелёночными,песочными,планочными,платочными,пленочными,плеточными,плечными,плиточными,плодными,плоеными,плотными,плоёными,плёночным,плёночными,плёточным,плёточными,побочными,полночными,полочными,порочными,поточными,прочными,пупочными,пучочными,пыточными,пяточными,ёлочными
ru-d-038	разимаемыми	deletion	wordforms-unranked	разжимаемыми,взимаемыми,зажимаемыми,занимаемыми,нажимаемыми,нанимаемыми,разбиваемыми	взимаемыми,зажимаемыми,занимаемыми,нажимаемыми,нанимаемыми,разбиваемыми,разбираемыми,развиваемыми,разгибаемыми,раздираемыми,разжигаемыми,разжижаемыми,разжимаемым,разжимаемыми,разливаемыми,различаемыми,разминаемыми
ru-d-039	ефимовчах	deletion	wordforms-unranked	ефимовичах,ефимовнах,ефимовича,ефимовичам,ефимовна,ефимовнам	ефимовича,ефимовичам,ефимовичах,ефимовна,ефимовнам,ефимовнах
ru-d-040	парализуте	deletion	wordforms-unranked	парализует,парализуете,парализуйте,парализуем,парализуй,парализую,парализуют	парализуем,парализует,парализуете,парализуй,парализуйте,парализую,парализуют,парализуя
ru-d-041	ожному	adjacent-substitution	frequent-1-5000	одному,ложному,кожному,ножному,оному,очному,южному	биному,борному,важному,водному,геному,гному,годному,горному,доеному,дойному,должному,донному,доёному,ежиному,жженому,жжёному,жому,зобному,зонному,зорному,иному,ионному,йодному,кожаному,кожном,кожному,конному,косному,лобному,ложном,ложному,лонному,лыжному,модному,мощному,нежному,ножном,ножному,ному,норному,нотному,ночному,нужному,обкому,облому,обниму,обнову,обносу,обношу,овном,одежному,одном,одному,одёжному,ожогу,ознобу,окном,оном,оному,осиному,основу,отниму,относу,отношу,очажному,очном,очному,поеному,полному,потному,поёному,ржаному,ровному,родному,ройному,росному,ротному,сажному,сложному,сонному,сорному,сочному,сошному,томному,тонному,торному,точному,тошному,ужиному,умному,ушному,хоженому,хорному,шовному,шорному,энному,южном,южному,юному,явному,ямному,ясному,ячному
ru-d-042	моёи	adjacent-substitution	frequent-1-5000	моём,мои,моё,мочи,мощи,мори,моли	мои,моли,мори,мочи,мощи,моё,моём
ru-d-043	иарко	adjacent-substitution	frequent-1-5000	марко,жарко,парко,марк,парк,парке,жалко	арго,арка,арке,арки,аркой,аркою,арку,арок,банко,барк,барка,барке,барки,барков,баркой,барком,баркою,барку,барок,варка,варке,варки,варкой,варкою,варку,гадко,жалко,жарка,жарке,жарки,жарко,жаркое,жаркой,жарком,жаркою,жарку,жарок,зарок,зорко,игрок,ирак,ирака,ираке,ираком,ираку,ирка,ирке,ирки,иркой,иркою,ирку,карго,карло,карно,ларго,манко,марго,марк,марка,марке,марки,марко,марков,маркое,маркой,марком,маркою,маркс,марку,марок,наркоз,нарком,падко,парк,парка,парке,парки,парко,парков,паркое,паркой,парком,паркою,парку,парно,парок,рико,сарком,фиаско,харчо,чарка,чарке,чарки,чаркой,чаркою,чарку,чарок,шатко,ярко
ru-d-044	клнец	adjacent-substitution	frequent-1-5000	конец,конце,танец,лжец,клей,коне,коней	агнец,венец,вконец,глянец,гонец,елец,жнец,йенец,канем,канет,кинем,кинет,клане,клев,клее,клеек,клеем,клей,клен,клена,клене,клену,клены,клеш,клещ,клею,клея,клине,клоне,клюем,клюет,клюнем,клюнет,клянем,клянет,клёне,коленец,колец,коне,коней,конек,конем,конец,конц,конце,косец,кранец,кузнец,куниц,купец,лжец,ненец,ранец,рунец,сланец,танец,тунец,фланец,юнец
ru-d-045	срлк	adjacent-substitution	frequent-1-5000	срок	срок
ru-d-046	неаеста	adjacent-substitution	frequent-1-5000	невеста,нереста,небеса,невесты,невесту,невесте,невестка	береста,гефеста,наест,наесть,насеста,наста,нашеста,небеса,невест,невеста,невестам,невестах,невесте,невестка,невесту,невесты,невесть,негуста,нелестна,нерест,нереста,нересте,нересту,нечестна,нечиста,челеста,шелеста
ru-d-047	зпслуживаешь	adjacent-substitution	frequent-1-5000	заслуживаешь,выслуживаешь,дослуживаешь,заслушиваешь,обслуживаешь,отслуживаешь,услуживаешь	выслуживаешь,дослуживаешь,заслуживаешь,заслушиваешь,обслуживаешь,отслуживаешь,услуживаешь
ru-d-048	четвре	adjacent-substitution	frequent-1-5000	четыре,четверг,четверо,четырех,четкие,четырем,четкое	ветре,гетере,гетре,детве,детворе,метре,петре,тетере,фетве,фетре,черве,черте,честере,четверг,четверге,четверен,четверке,четверне,четверо,четверт,четвёрке,четвёрт,чете,четкие,четкое,четное,четные,четче,четыре,четырем,четырех
ru-d-049	золотл	adjacent-substitution	frequent-1-5000	золото,золота,золоте,золоти,золотил,золоту,золотя	болот,болота,болоте,болото,болоту,долот,долота,долоте,долото,долоту,золой,золота,золотая,золоте,золоти,золотил,золотила,золотили,золотило,золотим,золотит,золотка,золотке,золотко,золотку,золото,золотое,золотой,золотом,золотою,золоту,золотую,золотца,золотце,золотцу,золотые,золотым,золотых,золотя,золотят,золочу,золою,колол,колот,колота,колоти,колотил,колото,колоты,колоть,колотя,молол,молот,молота,молоте,молоти,молотил,молоту,молоты,молоть,молотя,озолоти,озолотил,полол,полоть
ru-d-050	придтт	adjacent-substitution	frequent-1-5000	придти,придет,придёт,придут,привет,прийти,приду	ариетт,бритт,перидот,предст,прибит,приват,привет,привит,придав,придает,придай,придал,придам,придан,придаст,придать,придаю,придают,придаёт,придел,придем,придет,придете,приди,придир,придите,придти,приду,придут,придя,придём,придёт,придёте,приедет,приедут,прижат,прийти,прилет,прилит,прилёт,примат,примет,примут,примят,принят,прите,притч,пришит,приют,приюта,приюте,приюти,приютит,приюту,приюты,приютят,продет,продут,прудит,прудят,прядет,прядут,прядёт
ru-d-051	ролучил	adjacent-substitution	frequent-1-5000	получил,получили,получила,получит,получим,получал,получи	волочил,долечил,домучил,доучил,залучил,излучил,лучил,облучил,обучил,отлучил,отучил,подучил,полечил,получал,получи,получив,получил,получила,получили,получило,получим,получит,помучил,поручил,поучил,пролечил,проучил,разлучил,разучил,случил,улучил
ru-d-052	требунтся	adjacent-substitution	frequent-1-5000	требуется,требуются,треснутся	требуется,требуются,треснутся
ru-d-053	тмени	adjacent-substitution	frequent-1-5000	имени,темни,тени,отмени,смени,вмени,жмени	вмени,вменив,вменил,вменим,вменит,вменю,вымени,емели,жени,жмене,жмени,жмень,жменю,жменя,замени,звени,змеи,измени,имели,имен,имена,имени,имение,имении,имений,именин,имению,имения,кетмени,лени,мани,меди,межи,мели,мена,мене,мент,мену,мены,меню,меня,меси,мети,метни,мехи,мечи,мини,мни,олени,омеги,осени,отмели,отмена,отмене,отмени,отменив,отменил,отменим,отменит,отмену,отмены,отменю,оттени,офени,оцени,пени,плени,рамени,ремни,семени,сени,смани,смекни,смели,смен,смена,смене,смени,сменив,сменил,сменим,сменит,смену,смены,сменю,смеси,смети,смеши,таймени,тамани,тани,твери,теги,теин,темен,темени,темень,теми,темна,темни,темник,темнил,темним,темнит,темниц,темно,темны,темню,темня,тени,тент,тень,тесни,тети,течи,теши,тещи,тисни,ткани,ткни,тлели,тлен,тлена,тлене,тление,тлении,тлению,тления,тлену,тмин,тмина,тмине,тмину,томен,тони,топни,треки,трели,трение,трении,трений,трению,трения,трень,трепни,тресни,трети,трещи,турни,тюкни,тюлени,тюмени,тюмень,тяни,тяпни,тёмен,умели,умен,умение,умении,умений,умению,умения,умни,утрени,фени,цени,шмели,ясени,ячмени
ru-d-054	эннргии	adjacent-substitution	frequent-1-5000	энергии,энергию,энергия,энаргит,энергий	энаргит,энергии,энергий,энергию,энергия
ru-d-055	щума	adjacent-substitution	frequency-5001-50000	шума,ума,чума,сума,бума,дума,кума	бума,дума,кума,пума,сума,ума,чума,шума,щука,щупа,щура,щуча
ru-d-056	плагировала	adjacent-substitution	frequency-5001-50000	планировала,плагиировала,плакировала,пласировала,планировал,планировали,спланировала	глазировала,лавировала,лакировала,легировала,парировала,плагиировал,плагиировала,плагиировали,плагиировало,плагиирована,плакировал,плакировала,плакировали,плакировало,плакирована,планировал,планировала,планировали,планировало,планирована,пласировал,пласировала,пласировали,пласировало,реагировала,славировала,спланировала,фланировала
ru-d-057	эскоот	adjacent-substitution	frequency-5001-50000	эскорт,скотт,скот,эскорта,исколот,сколот,эскорте	исколот,сколот,скот,скотт,эскорт,эскорта,эскорте,эскорту,эскорты
ru-d-058	грпция	adjacent-substitution	frequency-5001-50000	грация,греция,греции,рация,грецию,гарпия,гирация	гарпия,гирация,горация,гравия,грации,граций,грацию,грация,грациям,грациях,греции,грецию,греция,грузия,опция,рация
ru-d-059	заеончились	adjacent-substitution	frequency-5001-50000	закончились,закончилось,закончилась	закончилась,закончились,закончилось
ru-d-060	ьроицу	adjacent-substitution	frequency-5001-50000	троицу,троица,троицы,жрицу,корицу,крицу,орлицу	жрицу,корицу,крицу,орлицу,проищу,рожицу,рощицу,троица,троице,троицк,троицку,троицу,троицы,уродцу,фрицу
ru-d-061	длждик	adjacent-substitution	frequency-5001-50000	дождик,должник,дожди,дождика,дождике,дождики,дождику	дожди,дождик,дождика,дождике,дождики,дождику,дождит,должник
ru-d-062	неудпчник	adjacent-substitution	frequency-5001-50000	неудачник,неудачники,неудачника,неудачнике,неудачнику,неудачниц	неудачник,неудачника,неудачнике,неудачники,неудачнику,неудачниц
ru-d-063	громадныц	adjacent-substitution	frequency-5001-50000	громадный,громадны,громадные,громадным,громадных,громадины,громадна	громадины,громадна,громадная,громаднее,громадней,громадно,громадное,громадной,громадном,громадною,громадную,громадны,громадные,громадный,громадным,громадными,громадных,громады
ru-d-064	сдовил	adjacent-substitution	frequency-5001-50000	словил,сдвоил,сдавил,сходил,ставил,стоил,удивил	вдавил,вдовий,вдовиц,давил,дивил,добил,довел,довёл,дожил,доил,долил,допил,дошил,кровил,ловил,овил,сбавил,сбоил,свил,сводил,свозил,сдавал,сдави,сдавив,сдавил,сдавила,сдавили,сдавило,сдавим,сдавит,сдвиг,сдвоив,сдвоил,сдвоила,сдвоили,сдвоило,сдвоим,сдвоит,сдобрил,сдохли,сдувал,сковал,скопил,скосил,славил,слови,словив,словил,словила,словили,словило,словим,словит,словчил,сложил,сломил,смолил,сморил,смочил,сновал,сносил,совал,совел,солил,сорил,споил,спорил,ссорил,ставил,стоил,сточил,сходил,удавил,удвоил,удивил,уловил,ядовит
ru-d-065	пмихом	adjacent-substitution	frequency-5001-50000	психом,миром,плохом,пивом,приход,мигом,психов	амидом,амилом,амином,жмыхом,имидом,лихом,махом,мехом,мигом,мидом,милом,мимом,миом,миром,мифом,мхом,памиром,пахом,пивом,пиитом,пиком,пиром,плисом,плохом,помином,прахом,призом,притом,приход,псином,психам,психов,психоз,психол,психом,пухом,пшиком,смехом,смитом,стихом,тихом,тмином,чихом,шлихом,эмиром
ru-d-066	поосторно	adjacent-substitution	frequency-5001-50000	просторно,повторно,просторна,просторное,просторной,просторном,просторною	повторно,просторна,просторно,просторное,просторной,просторном,просторною,просторны
ru-d-067	аспоминаю	adjacent-substitution	frequency-5001-50000	вспоминаю,напоминаю,вспоминал,вспоминай,вспоминая,запоминаю,воспоминаю	воспоминаю,вспоминай,вспоминал,вспоминаю,вспоминают,вспоминая,запоминаю,напоминаю,поминаю,упоминаю
ru-d-068	загрязненноиу	adjacent-substitution	wordforms-unranked	загрязненному,загрязненного,загрязненное,загрязненной,загрязненном,загрязненною,загрязнённому	загрязненного,загрязненное,загрязненной,загрязненном,загрязненному,загрязненною,загрязнённому
ru-d-069	мишуткоб	adjacent-substitution	wordforms-unranked	мишуткою,мишуткой,минуткой,минуткою,мишутка,мишутке,мишутки	минуткой,минуткою,мишутка,мишутке,мишутки,мишуткой,мишуткою,мишутку
ru-d-070	ржааеньким	adjacent-substitution	wordforms-unranked	ржавеньким,рваненьким,ржавенькие,ржавенький,ржавенькими,ржавеньких,ржавеньком	рваненьким,ржавенькие,ржавенький,ржавеньким,ржавенькими,ржавеньких,ржавеньком
ru-d-071	блкжданиям	adjacent-substitution	wordforms-unranked	блужданиям,блужданием,блуждания,блужданиями,блужданиях	блужданием,блуждания,блужданиям,блужданиями,блужданиях
ru-d-072	отставгики	adjacent-substitution	wordforms-unranked	отставники,отставки,отставили,отставник,отставника,отставнике,отставнику	отставили,отставки,отставник,отставника,отставнике,отставники,отставнику,отставшими
ru-d-073	росёкшая	adjacent-substitution	wordforms-unranked	посёкшая,осёкшая,просёкшая,допёкшая,дотёкшая,засёкшая,осекшая	допёкшая,дотёкшая,засёкшая,осекшая,осёкшая,отсёкшая,отёкшая,подсёкшая,посекшая,посёкшая,потёкшая,пропёкшая,просекшая,просёкшая,протёкшая,распёкшая,рассёкшая,росшая,сёкшая,усёкшая
ru-d-074	кожевенникоа	adjacent-substitution	wordforms-unranked	кожевенников,кожевенника,кожевенником,кожевенник,кожевенникам,кожевенниках,кожевеннике	кожевенник,кожевенника,кожевенникам,кожевенниках,кожевеннике,кожевенники,кожевенников,кожевенником,кожевеннику
ru-d-075	сахарлфильный	adjacent-substitution	wordforms-unranked	сахарофильный,сахарофильной,сахарофильные,сахарофильным,сахарофильных	сахарофильной,сахарофильные,сахарофильный,сахарофильным,сахарофильных
ru-d-076	зоорсихологическая	adjacent-substitution	wordforms-unranked	зоопсихологическая	зоопсихологическая
ru-d-077	костиее	adjacent-substitution	wordforms-unranked	костике,костите,кости,костюме,костей,костер,мостике	гостите,коптите,кортиев,кортике,косите,косице,косище,косте,костей,костел,костеле,костер,костею,кости,костившее,костик,костика,костике,костику,костил,костила,костили,костило,костим,костист,костит,костите,костить,костишь,костное,костные,костоеде,костре,кострище,костыле,костюме,костяке,костящее,костёле,косящее,котике,кустике,мостике,мостите,остине,остите,острее,скостите
ru-d-078	бравурнлм	adjacent-substitution	wordforms-unranked	бравурном,бравурным,бравурная,бравурно,бравурное,бравурной,бравурному	бравурная,бравурно,бравурное,бравурной,бравурном,бравурному,бравурною,бравурную,бравурные,бравурный,бравурным,бравурными,бравурных
ru-d-079	переслалл	adjacent-substitution	wordforms-unranked	переслало,переслал,переслала,переслали,перестал,перестала,перестали	пересдал,пересдала,пересдали,пересдало,переслав,переславль,переслал,переслала,переслали,переслало,переслан,переслана,переслано,пересланы,переслать,переслащу,переслоил,переспал,переспала,переспали,переспало,перестал,перестала,перестали,перестало,пересылал,пересылала,пересылали,пересылало
ru-d-080	ведёоочные	adjacent-substitution	wordforms-unranked	ведёрочные,ведерочные,ведёрочное,ведёрочный,ведёрочным,ведёрочных,верёвочные	ведерочные,ведёрочное,ведёрочные,ведёрочный,ведёрочным,ведёрочных,верёвочные,седёлочные
ru-d-081	ок	transposition	frequent-1-5000	ко,он,о,к,от,об,ох	бок,док,ик,к,ко,кок,мок,о,об,од,ой,ока,окб,оке,оки,око,окр,оку,ом,он,оп,ос,от,отк,ох,ош,рок,сок,ток,фок,цк,цок,чк,шк,шок,эк,як
ru-d-082	сееб	transposition	frequent-1-5000	себе,скеб,сеем,сеет,серб	себе,сеем,сеет,серб,скеб
ru-d-083	стла	transposition	frequent-1-5000	стал,сила,стала,стола,села,ста,стула	сала,села,сила,ста,стал,стала,стела,стлал,стола,стула,стыла,сёла
ru-d-084	ечртовски	transposition	frequent-1-5000	чертовски,чертовки,чертовские,чертовский,чертовским,чертовских	чертовки,чертовски,чертовские,чертовский,чертовским,чертовских
ru-d-085	возварщайся	transposition	frequent-1-5000	возвращайся,возвращался	возвращайся,возвращался
ru-d-086	ресторна	transposition	frequent-1-5000	ресторан,ресторана,ресторане,рестораны,ресторанах,престона,вестерна	вестерна,нестора,престона,просторна,ректора,рессора,рессорная,рестарта,ресторан,ресторана,ресторанам,ресторанах,ресторане,ресторану,рестораны,реторта,фестона
ru-d-087	сообо	transposition	frequent-1-5000	особо,скоро,собой,обо,слово,сообщу,ооо	обо,ооо,особ,особа,особе,особи,особо,особое,особой,особом,особою,особу,особы,особь,сабо,самбо,свобод,сдоб,сдоба,сдобе,сдобой,сдобою,сдобу,сдобы,скоб,скоба,скобе,скобой,скобок,скобою,скобу,скобы,скоро,слабо,слобод,слово,сноб,сноба,снобе,снобов,снобом,снобу,снобы,собой,собор,собою,собр,соло,солоно,сонно,сообща,сообщи,сообщу,соосно,соотв,сопло,сорго,сорно,сотого,сохло,сочло,сочно,сошло,споро
ru-d-088	опявился	transposition	frequent-1-5000	появился,появится,явился,объявился,заявился,пялился,оправился	выявился,заявился,обвился,объявился,оживился,оперился,опивался,опился,оплавился,оправился,опушился,попятился,появился,появимся,появится,проявился,пялился,пятился,явился
ru-d-089	чувствутее	transposition	frequent-1-5000	чувствуете,чувствует,чувствуем,чувствуйте,чувствующее	чувствуем,чувствует,чувствуете,чувствуйте,чувствующее
ru-d-090	опдобное	transposition	frequent-1-5000	подобное,подобные,подобно,подобной,подобном,удобное,надобное	надобное,оплошное,опорное,опросное,подобно,подобное,подобной,подобном,подобною,подобные,подомное,подробное,подсобное,пробное,сдобное,удобное
ru-d-091	причниить	transposition	frequent-1-5000	причинить,причинять,причинит,причинишь,принизить,причалить,причините	принизить,причалить,причинит,причините,причинить,причинишь,причинять
ru-d-092	прйоти	transposition	frequent-1-5000	пройти,прости,против,пойти,прийти,придти,плоти	перхоти,плоти,пойти,порти,поти,похоти,придти,прийти,прихоти,приюти,пройди,пройти,проори,проси,прости,против,протии,протий,протию,протия,протри,профи,прочти,прыти
ru-d-093	отчнее	transposition	frequent-1-5000	точнее,отчее,отчет,точное,отче,отчете,точные	отечное,отечные,отмене,отнес,отче,отчее,отчей,отчем,отчет,отчете,отчею,отчие,отчиме,отчёте,отёчное,отёчные,очное,очные,поточнее,сочнее,точнее,точней,точное,точные
ru-d-094	справтися	transposition	frequent-1-5000	справится,справиться,справимся,справился,справятся,исправится,оправится	исправится,оправится,правится,сплавится,справился,справимся,справится,справиться,справься,справятся,управится
ru-d-095	хрпа	transposition	frequency-5001-50000	храп,храпа,хрипа	храп,храпа,хрипа
ru-d-096	допроас	transposition	frequency-5001-50000	допроса,допрос,вопрос,вопроса,опрос,допросе,допросы	вопрос,вопроса,допрос,допроса,допросам,допросах,допросе,допроси,допросу,допросы,допрошу,дорос,опрос,опроса
ru-d-097	четырндацать	transposition	frequency-5001-50000	четырнадцать,четырнадцати,четырнадцатью	четырнадцати,четырнадцать,четырнадцатью
ru-d-098	допускаьт	transposition	frequency-5001-50000	допускать,допускает,допускают,допуска,допускаю,опускать,допускаем	допуска,допускаем,допускает,допускаете,допускай,допускайте,допускал,допускала,допускали,допускало,допускам,допусками,допускать,допусках,допускаю,допускают,допуская,опускает,опускать,опускают
ru-d-099	неедлями	transposition	frequency-5001-50000	неделями,неделям,нетелями,педелями	неделям,неделями,нетелями,педелями
ru-d-100	проезала	transposition	frequency-5001-50000	проехала,порезала,пронзала,проедала,проезжала,пролезала,прорезала	врезала,дорезала,подрезала,поедала,поерзала,поехала,ползала,порезал,порезала,порезали,порезало,порезана,порешала,предала,приезжала,приехала,прирезала,проахала,пробегала,пробежала,пробрала,провала,проведала,провезла,прогала,прогнала,продала,продевала,проделала,продрала,проедал,проедала,проедали,проедало,проезда,проездила,проезжал,проезжала,проезжали,проезжало,проела,проехал,проехала,проехали,проехало,прождала,прожевала,прозвала,прозевала,прознала,пролегала,пролежала,пролезал,пролезала,пролезали,пролезало,пролезла,пролетала,промазала,промерзала,промчала,пронзал,пронзала,пронзали,пронзало,пронзила,пронизала,проорала,пропала,пропекала,прорвала,прорезал,прорезала,прорезали,прорезало,прорезана,проседала,просекала,проспала,протекала,прочесала,прощала,резала,срезала,урезала
ru-d-101	рдагоценное	transposition	frequency-5001-50000	драгоценное,драгоценные,драгоценнее,драгоценно,драгоценной,драгоценном,драгоценною	драгоценнее,драгоценно,драгоценное,драгоценной,драгоценном,драгоценною,драгоценные
ru-d-102	вызваан	transposition	frequency-5001-50000	вызвана,вызван,вызвать,вызвал,вызвали,вызвала,вызвало	вызвав,вызвал,вызвала,вызвали,вызвало,вызван,вызвана,вызвано,вызваны,вызвать,вырван,вырвана
ru-d-103	прсилали	transposition	frequency-5001-50000	прислали,прислал,послали,прислала,посылали,прижали,постлали	послали,постлали,посылали,привали,придали,прижали,прилили,припали,прислал,прислала,прислали,прислало,пристали,присылали
ru-d-104	мроено	transposition	frequency-5001-50000	морено,кроено,можно,моего,срочно,ровно,рено	брошено,гродно,грозно,доено,дробно,кровно,кроен,кроена,кроено,кроеное,кроеной,кроеном,кроеною,кроены,мелено,мерено,мерно,мечено,мешено,модно,моего,моечно,можно,морен,морена,морене,морено,мореное,мореной,мореном,мореною,морену,морены,морозно,морёно,мочено,мощено,мощно,мрачно,опоено,орошено,поено,проело,прочно,прощено,рено,ровно,сдоено,скроено,слоено,сморено,споено,срочно,строено,торено,троен,уморено,упоено,уронено,утроено
ru-d-105	ксутов	transposition	frequency-5001-50000	кустов,кнутов,круто,крутой,футов,суток,кусков	аутов,жгутов,истов,кайтов,кантов,кисетов,китов,клубов,кнутов,кнутом,коптов,кортов,котов,кротов,кругов,круто,крутое,крутой,крутом,крутою,кубов,кузов,кусков,кусов,кустов,кустом,омутов,остов,плутов,прутов,раутов,рустов,сетов,скатов,скаутов,скитов,скотов,сотов,судов,суков,супов,суров,суток,футов,шутов,якутов
ru-d-106	буквлаьном	transposition	frequency-5001-50000	буквальном,буквально,буквальное,буквальной,буквальному,буквальною,буквальным	буквально,буквальное,буквальной,буквальном,буквальному,буквальною,буквальным,букварном
ru-d-107	гунал	transposition	frequency-5001-50000	угнал,гнал,гукал,думал,знал,узнал,упал	агукал,аукал,буна,бунам,бунах,бухал,гадал,гана,гена,генам,генах,гикал,гинул,гнал,гнала,гнали,гнало,гнил,гнул,гнула,гона,гонад,гонял,гуам,гуано,губа,губам,губах,губил,губная,гуда,гудел,гужа,гужам,гужах,гука,гукай,гукал,гукала,гукали,гукало,гукаю,гукая,гукнул,гул,гула,гулаг,гулял,гумна,гунн,гунна,гуннам,гуннах,гунне,гунну,гунны,гусак,гусар,гуцул,гуща,гущам,гущах,думал,дунае,дунай,дунаю,дуная,дунул,журнал,знал,канал,кунак,купал,кусал,кутал,кушал,лгуна,лгунам,лгунах,луна,лунам,лунах,мужал,нукал,окунал,пенал,пинал,пугал,пуна,путал,рубал,ругал,руна,рунам,рунах,сгущал,сужал,сунул,тукал,угнав,угнал,угнала,угнали,угнало,угнан,удал,ужал,узнал,укал,уныл,унял,упал,урал,ухал,финал,фукал,хурал,шугал,щупал
ru-d-108	переепв	transposition	wordforms-unranked	перепев,переев,перерыв,переезд,перееду,перьев,иереев	иереев,перебив,перевеяв,перевив,передав,передов,переев,перееду,переезд,переел,переела,переели,переело,переем,переест,переехав,переешь,пережав,пережив,перелив,перемыв,перемяв,переняв,перепав,перепев,перепева,перепеве,перепеву,перепевы,перепей,перепел,перепет,перепив,перепоев,перепрев,перерыв,пересев,переспав,переспев,переспи,перецепи,перецепив,перешив,перцев,перьев
ru-d-109	иотживший	transposition	wordforms-unranked	итоживший,отживший,доживший,изживший,истаивший,итожившей,итожившие	доживший,изживший,истаивший,итожившей,итожившие,итоживший,итожившим,итоживших,мотыживший,обживший,оживший,отбивший,отжившей,отжившие,отживший,отжившим,отживших,отливший,отпивший,отшивший,поживший,потуживший
ru-d-110	бощеядовитые	transposition	wordforms-unranked	общеядовитые,общеядовитое,общеядовитый,общеядовитым,общеядовитых	общеядовитое,общеядовитые,общеядовитый,общеядовитым,общеядовитых
ru-d-111	охаижвающего	transposition	wordforms-unranked	охаживающего,охаивающего,обхаживающего,опаивающего,осаживающего,похаживающего,ухаживающего	обхаживающего,опаивающего,осаживающего,охаживающего,охаивающего,похаживающего,ухаживающего
ru-d-112	инваирантах	transposition	wordforms-unranked	инвариантах,инварианта,инвариантам	инварианта,инвариантам,инвариантах
ru-d-113	обгородицею	transposition	wordforms-unranked	богородицею,богородице,богородицей,огородницею	богородице,богородицей,богородицею,огородницею
ru-d-114	герметичексим	transposition	wordforms-unranked	герметическим,герметически,герметические,герметический,герметическими,герметических,герметическом	герметически,герметические,герметический,герметическим,герметическими,герметических,герметическом,герпетическим
ru-d-115	слогоедлением	transposition	wordforms-unranked	слогоделением,слогоделение	слогоделение,слогоделением
ru-d-116	натикоммунистически	transposition	wordforms-unranked	антикоммунистически,антикоммунистические,антикоммунистический,антикоммунистическим,антикоммунистических	антикоммунистически,антикоммунистические,антикоммунистический,антикоммунистическим,антикоммунистических
ru-d-117	утыкавшмеся	transposition	wordforms-unranked	утыкавшемся,утыкавшиеся,утыкавшееся,втыкавшееся,втыкавшемся,втыкавшиеся,тыкавшееся	втыкавшееся,втыкавшемся,втыкавшиеся,тыкавшееся,тыкавшемся,тыкавшиеся,утыкавшаяся,утыкавшееся,утыкавшейся,утыкавшемся,утыкавшемуся,утыкавшеюся,утыкавшиеся,утыкавшийся,утыкавшимися,утыкавшимся,утыкавшихся,утыкавшуюся
ru-d-118	валахсикм	transposition	wordforms-unranked	валахским,валахские,валахский,валахскими,валахских,валахском	валахские,валахский,валахским,валахскими,валахских,валахском
ru-d-119	опдергиваешься	transposition	wordforms-unranked	подергиваешься,задергиваешься,подёргиваешься	задергиваешься,подергиваешься,подёргиваешься
ru-d-120	нроовившего	transposition	wordforms-unranked	норовившего,наловившего,проявившего	наловившего,норовившего,проявившего
ru-d-121	отт	repeated-character	frequent-1-5000	тот,от,отто,ото,орт,ост,отв	орт,ост,от,отв,отд,отит,отк,отл,ото,отто,тот
ru-d-122	редкко	repeated-character	frequent-1-5000	редко,резко,редкий,редкая,редкое,редкие,редких	едко,медико,редек,редело,редка,редкая,редки,редкие,редкий,редким,редких,редко,редкого,редкое,редкой,редком,редкою,редкую,редок,редька,редьке,редьки,редькой,редькою,редьку,резко
ru-d-123	маайами	repeated-character	frequent-1-5000	майами,майями,маврами,магами,мазками,маисами,майками	маврами,магами,мазками,маисами,майами,майками,майями,макаками,маками,макарами,малайками,малайцами,малками,мамами,мамашами,мамбами,мамками,мангами,манками,маралами,марками,марфами,маршами,масками,маслами,массами,матами,матками,матчами,махами,мачтами,машами,маяками,мбайтами,миазами
ru-d-124	мметров	repeated-character	frequent-1-5000	метров,омметров,метро,петров,ветров,дмитров,куметров	ветров,дмитров,куметров,метро,метров,метром,мэтров,омметров,омметром,осетров,петров,смотров
ru-d-125	нужжна	repeated-character	frequent-1-5000	нужна,нужно,нужен,нужны,ужина,нужда,нужная	жужжа,лужена,лужёна,нежна,нудна,нужда,нужен,нужна,нужная,нужно,нужны,сужена,ужина
ru-d-126	ннехорошо	repeated-character	frequent-1-5000	нехорошо,нехорош,нехороша,нехороши	нехорош,нехороша,нехороши,нехорошо
ru-d-127	испортитьь	repeated-character	frequent-1-5000	испортить,испортит,испортишь,испортите,испортится,испортись,испортитесь	испортись,испортит,испортите,испортитесь,испортится,испортить,испортиться,испортишь
ru-d-128	ттема	repeated-character	frequent-1-5000	тема,стема,тотема,тем,тела,тему,теми	артема,атома,гема,джема,дрема,крема,нема,отека,отела,отъема,стека,стела,стем,стема,стемам,стемах,стеме,стемна,стему,стемы,стена,степа,схема,съема,таем,тайма,татем,тега,теза,тела,тем,тема,темам,темах,теме,темза,теми,темна,темп,темпа,тему,темы,темь,темя,терема,терма,теса,тетеха,тетка,теша,теща,ткем,тлела,тлена,тома,тонема,тотем,тотема,тотеме,тотему,треба,трека,трем,тремя,трепа,трефа,треща,трюма,тщета,тьма,утеса,утеха,чтем,чтеца,шлема,эдема,ятем
ru-d-129	ноо	repeated-character	frequent-1-5000	оно,нло,нор,но,нос,нож,ног	нло,но,нов,ново,ног,нож,ной,ном,нон,нор,нос,нот,ноу,нош,ною,ноя,нпо,нто,оно,ооо
ru-d-130	хходят	repeated-character	frequent-1-5000	ходят,уходят,входят,сходят,хотят,уходит,ходит	бродят,вводят,водят,всходят,входит,входя,входят,выходят,доходят,заходят,исходят,находят,обходят,отходят,плодят,походят,родят,сводят,сходит,сходя,сходят,уводят,угодят,уродят,уходит,уходя,уходят,ходит,ходя,ходят,ходяч,холодят,холят,хотят,хохмят,шкодят
ru-d-131	ззамолчи	repeated-character	frequent-1-5000	замолчи,замолви,замолчим,замолчит,замолчу,замочи	замолви,замолчи,замолчим,замолчит,замолчу,замочи
ru-d-132	ссижу	repeated-character	frequent-1-5000	сижу,слижу,снижу,ссажу,ссужу,усижу,вижу	вижу,всажу,высижу,движу,досижу,жижу,ксиву,лижу,нижу,обижу,осажу,осину,осипу,осужу,отсижу,посижу,псину,психу,сажу,саржу,сближу,свиту,свищу,свожу,свяжу,сгибу,сгину,сержу,сживу,сигу,сижу,силу,ситу,скажу,скиду,скину,скипу,скиту,скифу,слажу,слежу,сливу,слижи,слижу,слижут,сличу,сложу,служу,смажу,смежу,смиту,снижу,снизу,сниму,снищу,спиду,спику,спину,спицу,спичу,спишу,сражу,срежу,ссажу,ссору,ссуду,ссужу,стажу,стиху,стрижу,стужу,стыжу,суджу,сужу,сунжу,схиму,схожу,сцежу,счищу,сшибу,сюиту,увижу,унижу,усажу,усижу,усику,усищу,чижу
ru-d-133	раньшше	repeated-character	frequent-1-5000	раньше,раньте	раньте,раньше
ru-d-134	женна	repeated-character	frequent-1-5000	жена,жанна,ценна,сенна,женина,женка,женщина	анна,бедна,бенина,берна,бонна,бренна,ванна,вена,венда,венка,венца,верна,весна,вечна,геенна,гена,генка,генная,гунна,денная,денно,дерна,десна,джинна,донна,жадна,жана,жанн,жанна,жаннам,жаннах,жанне,жанну,жанны,жанра,жбана,жезла,желанна,желта,желчна,жен,жена,женам,женат,жената,женах,жене,женева,женей,женею,жени,женив,женил,женила,женим,женин,женина,женино,женину,женины,женит,жених,жениха,женка,женкам,женках,женке,женки,женку,женой,женок,женою,жену,женщина,жены,жень,женька,женю,женя,женям,женят,женях,жеода,жерла,жеста,жетона,жженка,жженная,жинка,жирна,жнеца,жёнка,зенона,зерна,иена,инна,йена,йенца,керна,лена,ленина,ленка,ленная,лента,ленча,манна,мена,мента,нежна,ненца,неона,панна,пеана,пена,пенза,пенка,пенная,пенни,пенса,рейна,ренина,рента,сена,сенна,сенная,сенне,сенну,сенны,серна,сеяна,теина,темна,тента,терна,тесна,тленна,тонна,фена,финна,цена,ценза,ценна,ценная,ценно,ценны,цента,челна,черна,четна,чинна,щенка,щенная
ru-d-135	рациии	repeated-character	frequency-5001-50000	рации,нации,ранили,рацию,рация,рацион,грации	грации,нации,радии,ражими,разили,разини,ранили,рафии,рацией,рациею,рации,раций,рацион,рацию,рация,рациям,рациями,рациях,сациви,фации
ru-d-136	ддурочка	repeated-character	frequency-5001-50000	дурочка,дурачка,дурочку,курочка,дочурочка,дружочка,дубочка	дочурочка,дружочка,дубочка,дудочка,дурачка,дурочка,дурочкам,дурочках,дурочке,дурочки,дурочку,дырочка,курочка,чурочка,шнурочка,шурочка
ru-d-137	оппределенным	repeated-character	frequency-5001-50000	определенным,определенные,определенный,определенных,определенном,определенны,определенными	определенном,определенны,определенные,определенный,определенным,определенными,определенных,определённым,переделенным
ru-d-138	обввиняемым	repeated-character	frequency-5001-50000	обвиняемым,обвиняемый,обвиняемых,обвиняемом,обвиняемые,обвиняемыми	обвиняемом,обвиняемые,обвиняемый,обвиняемым,обвиняемыми,обвиняемых
ru-d-139	ввеликобритании	repeated-character	frequency-5001-50000	великобритании,великобритания,великобританию	великобритании,великобританию,великобритания
ru-d-140	ттанцевальная	repeated-character	frequency-5001-50000	танцевальная	танцевальная
ru-d-141	стекляннный	repeated-character	frequency-5001-50000	стеклянный,стеклянные,стеклянной,стеклянным,стеклянных	стеклянной,стеклянные,стеклянный,стеклянным,стеклянных
ru-d-142	находиить	repeated-character	frequency-5001-50000	находить,находишь,заходить,находит,находились,находите,наводить	заходить,наводить,наводнить,народить,находились,находись,находит,находите,находить,находишь
ru-d-143	войддём	repeated-character	frequency-5001-50000	войдём,пойдём,войдёт,войдем,дойдём,взойдём,водоём	взойдём,водоём,вождём,воздаём,войдем,войдём,войдёт,дойдём,пойдём,сойдём
ru-d-144	вырражаю	repeated-character	frequency-5001-50000	выражаю,возражаю,выражают,выгружаю,выражай,выражал,выражая	возражаю,выгружаю,выражай,выражал,выражаю,выражают,выражая,выряжаю
ru-d-145	пивву	repeated-character	frequency-5001-50000	пиву,пивку,пивцу,живу,пиво,пива,пишу	авиву,битву,диву,живу,живцу,иву,кивку,кивну,киеву,литву,ниву,нивху,павлу,паву,певцу,пиалу,пиару,пива,пивал,пиве,пивка,пивке,пивко,пивку,пивную,пиво,пивом,пиву,пивца,пивце,пивцо,пивцу,пившую,пижму,пизу,пииту,пикну,пику,пикшу,пилку,пилу,пинку,пинту,пиону,пирсу,пиру,писку,писцу,питу,пихну,пихту,пиццу,пишу,пищу,пиявку,плаву,плеву,плову,плыву,порву,почву,праву,привру,савву,сивку,шиву
ru-d-146	загряязнения	repeated-character	frequency-5001-50000	загрязнения,загрязнение,загрязнении,загрязнений,загрязнению,загрязнениям,загрязнениях	загрязнение,загрязнении,загрязнений,загрязнению,загрязнения,загрязнениям,загрязнениях
ru-d-147	приименил	repeated-character	frequency-5001-50000	применил,применим,приманил,примени,применив,применила,применили	приманил,примени,применив,применил,применила,применили,применило,применим,применит,применял,примерил,приметил,притенил
ru-d-148	нашпигуеет	repeated-character	wordforms-unranked	нашпигуете,нашпигует,нашпигуем,нашпигуешь,нашпигуйте,нашпигуют	нашпигуем,нашпигует,нашпигуете,нашпигуешь,нашпигуйте,нашпигуют
ru-d-149	зажаривавшуюсся	repeated-character	wordforms-unranked	зажаривавшуюся,заваривавшуюся,зажаривавшеюся,затаривавшуюся	заваривавшуюся,зажаривавшеюся,зажаривавшуюся,затаривавшуюся
ru-d-150	пукнетее	repeated-character	wordforms-unranked	пукнете,аукнете,гукнете,пикнете,пугнете,пукнет,пухнете	аукнете,гукнете,пикнете,пугнете,пукнет,пукнете,пухнете,фукнете
ru-d-151	ннаткнуть	repeated-character	wordforms-unranked	наткнуть,заткнуть,натянуть,наткнусь,наткнут,наткнута,наткнуто	заткнуть,наткнусь,наткнут,наткнута,наткнуто,наткнуты,наткнуть,натянуть
ru-d-152	пересоллили	repeated-character	wordforms-unranked	пересолили,переполнили,переселили,пересилили,переслоили,пересолил,пересолила	переполнили,переселили,пересилили,переслоили,пересолил,пересолила,пересолили,пересолило,перестелили
ru-d-153	изничтожениию	repeated-character	wordforms-unranked	изничтожении,изничтожению,изничтожение,изничтожением,изничтожения,изничтоженною,изничтоженную	изничтожение,изничтожением,изничтожении,изничтожению,изничтожения,изничтоженною,изничтоженную
ru-d-154	качаниии	repeated-character	wordforms-unranked	качании,кабанихи,капании,касании,катании,качание,качанием	кабанихи,капании,касании,катании,качание,качанием,качании,качанию,качания,качении
ru-d-155	разориввшими	repeated-character	wordforms-unranked	разорившими,разорвавшими,разорившим,разорявшими	разорвавшими,разорившим,разорившими,разорявшими
ru-d-156	вводиввшемся	repeated-character	wordforms-unranked	вводившемся,вводившееся,вводившейся,вводившемуся,вводившеюся,вводившимся,ввозившемся	вводившееся,вводившейся,вводившемся,вводившемуся,вводившеюся,вводившимся,ввозившемся,водившемся,выводившемся,сводившемся
ru-d-157	замусориваемымии	repeated-character	wordforms-unranked	замусориваемыми,замусориваемым	замусориваемым,замусориваемыми
ru-d-158	аармякам	repeated-character	wordforms-unranked	армякам,армяка,армяками,армяках,армяком,армянам,армянкам	армяка,армякам,армяками,армяках,армяком,армянам,армянкам,армячкам,пермякам
ru-d-159	преувеличившаяя	repeated-character	wordforms-unranked	преувеличившая,преувеличивая	преувеличивая,преувеличившая
ru-d-160	уупоминающими	repeated-character	wordforms-unranked	упоминающими,вспоминающими,запоминающими,напоминающими,поминающими,упоминающим	вспоминающими,запоминающими,напоминающими,поминающими,упоминающим,упоминающими
ru-d-161	натчал	insertion	frequent-1-5000	начал,научал,начала,начали,начало,назвал,напал	датчан,заткал,заточал,зачал,катал,качал,латал,матча,матчам,матчах,набрал,навал,наврал,нагнал,наддал,надрал,наедал,наехал,нажал,нажрал,назвал,накал,накачал,накрал,намечал,наорал,напал,нарвал,наслал,настал,настлал,настучал,натали,наташ,натаю,натаял,натекал,натирал,наткан,наточат,наточил,натра,натыкал,научал,научала,научали,научало,научат,научаю,научая,научил,нахал,начав,начал,начала,начале,начали,начало,началу,начат,начитал,начхал,тачал,шатал
ru-d-162	охорошего	insertion	frequent-1-5000	хорошего,нехорошего,огорошено,похорошело,хорошело	нехорошего,огорошено,похорошело,хорошего,хорошело
ru-d-163	ынавестить	insertion	frequent-1-5000	навестить,навесить,навестит,навестите,навестишь	навесить,навестит,навестите,навестить,навестишь
ru-d-164	общлем	insertion	frequent-1-5000	общем,общее,общей,общие,облом,объем,общим	бобылем,кобелем,обдаем,обдуем,обелим,обеляем,оберем,обещаем,обилен,обилием,обклеим,обклей,обклею,обклюем,облаем,облез,облей,облек,облет,облоем,облом,облым,облюем,обмелем,обмоем,оболам,оболе,оболжем,оболом,обольем,обреем,обуем,обхаем,обще,общее,общей,общем,общему,общею,общие,общим,общиплем,объем,обыщем,обяжем,омулем,опелем,отелем,соболем
ru-d-165	начальо	insertion	frequent-1-5000	начало,начала,начать,начал,начали,началось,начале	зачало,зачаль,качало,нажало,напало,наталье,натальи,наталью,наталья,научало,нахально,начал,начала,началам,началах,начале,начали,начало,началом,началось,начался,началу,начальное,начальной,начальном,начальною,начато,начать,начхало,тачало
ru-d-166	задницыа	insertion	frequent-1-5000	задницы,задница,задницу,заднице,задницей,задниц,задника	задника,задниц,задница,задницам,задницах,заднице,задницей,задницею,задницу,задницы,зарница,зарницы
ru-d-167	внофвь	insertion	frequent-1-5000	вновь,внове,новь	внове,вновь,новь
ru-d-168	прекрбасное	insertion	frequent-1-5000	прекрасное,прекрасно,прекрасные,прекрасной,прекрасном,прекраснее,прекрасною	прекраснее,прекрасно,прекрасное,прекрасной,прекрасном,прекрасною,прекрасные
ru-d-169	туалезт	insertion	frequent-1-5000	туалет,туалете,туалета,туалеты,туалету	туалет,туалета,туалете,туалету,туалеты
ru-d-170	камяень	insertion	frequent-1-5000	камень,камедь,каменья,камфен,камфена,камфене,камфену	камедь,камень,каменья,камфен,камфена,камфене,камфену,рамень
ru-d-171	едетшь	insertion	frequent-1-5000	едешь,идешь,едет,ведешь,ждешь,едете,уедешь	бдеть,вдеть,ведешь,деть,едать,едет,едете,едешь,ждешь,идешь,одеть,рдеть,редеть,седеешь,седеть,уедешь
ru-d-172	сэобой	insertion	frequent-1-5000	собой,сдобой,скобой,тобой,скорой,особой,сбой	гобой,злобой,особой,пробой,робой,самбой,сбой,свобод,сворой,сдобной,сдобой,сдобою,скобкой,скобой,скобок,скобою,скорой,слабой,слобод,смолой,снобов,снобом,снохой,собой,собор,собою,совой,содой,сотой,софой,сохой,спорой,ссорой,стопой,тобой
ru-d-173	пговорили	insertion	frequent-1-5000	говорили,поговорили,уговорили,оговорили,говорил,говорила,проверили	выговорили,говорил,говорила,говорили,говорило,договорили,заговорили,наговорили,обговорили,оговорил,оговорила,оговорили,оговорило,отговорили,поварили,поверили,поводили,повозили,повторили,поговорил,поговорила,поговорили,поговорило,подговорили,позорили,покорили,приговорили,проварили,проверили,проводили,провозили,провопили,провощили,проговорили,проморили,проторили,уговорил,уговорила,уговорили,уговорило
ru-d-174	бпоработать	insertion	frequent-1-5000	поработать,обработать,проработать,доработать,подработать,поработить,порабощать	доработать,обработать,подработать,поработать,поработить,порабощать,проработать
ru-d-175	звукозапиеси	insertion	frequency-5001-50000	звукозаписи,звукозапись	звукозаписи,звукозапись
ru-d-176	помински	insertion	frequency-5001-50000	поминки,поиски,воински,доминики,поминали,поминами,поминок	воински,доминики,поиски,поминали,поминами,поминки,поминок,починки
ru-d-177	опрашкивать	insertion	frequency-5001-50000	опрашивать,спрашивать,допрашивать,оплакивать,окрашивать,опрыскивать,упрашивать	допрашивать,окрашивать,оплакивать,опрашивать,опрыскивать,спрашивать,упрашивать
ru-d-178	избироатели	insertion	frequency-5001-50000	избиратели,избирателе,избиратель,избирателю,избирателя	избирателе,избиратели,избиратель,избирателю,избирателя
ru-d-179	планировалкось	insertion	frequency-5001-50000	планировалось,планировалась,планировались	планировалась,планировались,планировалось
ru-d-180	страфшным	insertion	frequency-5001-50000	страшным,странным,страшный,страшные,страшных,страшном,страдным	страдным,странным,страстным,страшном,страшны,страшные,страшный,страшным,страшными,страшных,штрафным
ru-d-181	разрвивать	insertion	frequency-5001-50000	развивать,разбивать,разваривать,развевать,развеивать,раздаивать,раздваивать	разбивать,разваривать,развевать,развеивать,развивать,раздаивать,раздваивать,раздвигать,разливать,разравнивать,разрывать,разучивать
ru-d-182	тюремыная	insertion	frequency-5001-50000	тюремная	тюремная
ru-d-183	едиите	insertion	frequency-5001-50000	едите,видите,идите,ждите,сидите,едете,ведите	бдите,ведите,видите,дебите,деисте,делите,дерите,дивите,диете,длите,доите,египте,едемте,едете,единице,единое,единые,едите,едкие,ежите,ездите,ждите,идиоте,идите,медлите,пиите,редюите,сидите,удивите,удите,уедините,уедите,цедите,шиите,эдикте
ru-d-184	сотрудмничества	insertion	frequency-5001-50000	сотрудничества,сотрудничество,сотрудничестве,сотрудничеству	сотрудничества,сотрудничестве,сотрудничество,сотрудничеству
ru-d-185	мартышпка	insertion	frequency-5001-50000	мартышка,мартышек,мартышкам,мартышках,мартышке,мартышки,мартышку	мартышек,мартышка,мартышкам,мартышках,мартышке,мартышки,мартышку
ru-d-186	даёртся	insertion	frequency-5001-50000	даётся,удаётся,сдаётся,дается,даются,дерётся,вдаётся	вдаётся,давится,давятся,дадутся,дается,дарится,дарятся,дастся,даются,даёмся,даётся,даёшься,дерётся,сдаётся,удаётся
ru-d-187	худоших	insertion	frequency-5001-50000	худших,хороших,худший,худшие,худшим,худевших,худущих	хороших,худевших,худущих,худшие,худший,худшим,худших,худющих
ru-d-188	лшкалирует	insertion	wordforms-unranked	шкалирует,локализует,шкалируем,шкалируете,шкалируют	локализует,шкалируем,шкалирует,шкалируете,шкалируют
ru-d-189	тёпленькоом	insertion	wordforms-unranked	тёпленьком,тепленьком,тёпленьким,тёпленького,тёпленькое,тёпленькой,тёпленькому	тепленьком,тёпленьким,тёпленького,тёпленькое,тёпленькой,тёпленьком,тёпленькому,тёпленькою
ru-d-190	оекидывающим	insertion	wordforms-unranked	окидывающим,откидывающим,вкидывающим,вскидывающим,выкидывающим,докидывающим,закидывающим	вкидывающим,вскидывающим,выкидывающим,докидывающим,закидывающим,накидывающим,окидывающем,окидывающие,окидывающий,окидывающим,окидывающими,окидывающих,откидывающем,откидывающие,откидывающий,откидывающим,откидывающими,откидывающих,подкидывающим,скидывающим
ru-d-191	водолочистителем	insertion	wordforms-unranked	водоочистителем,водоочистителе,водоочистителей,водоочистителям	водоочистителе,водоочистителей,водоочистителем,водоочистителям
ru-d-192	прочерчиваемйом	insertion	wordforms-unranked	прочерчиваемом,прочерчиваемое,прочерчиваемой,прочерчиваемому,прочерчиваемою,прочерчиваемым	прочерчиваемое,прочерчиваемой,прочерчиваемом,прочерчиваемому,прочерчиваемою,прочерчиваемым
ru-d-193	тыквфообразных	insertion	wordforms-unranked	тыквообразных,тыквообразные,тыквообразный,тыквообразным	тыквообразные,тыквообразный,тыквообразным,тыквообразных
ru-d-194	четырёхчасьовое	insertion	wordforms-unranked	четырёхчасовое,четырехчасовое,четырёхчасовой,четырёхчасовом,четырёхчасовою,четырёхчасовые	четырехчасовое,четырёхчасовое,четырёхчасовой,четырёхчасовом,четырёхчасовою,четырёхчасовые
ru-d-195	десяятирублевках	insertion	wordforms-unranked	десятирублевках,десятирублевка,десятирублевкам,десятирублёвках	десятирублевка,десятирублевкам,десятирублевках,десятирублёвках
ru-d-196	помысылит	insertion	wordforms-unranked	помыслит,домыслит,помаслит,помусолит,помылит,помысли,помыслив	домыслит,помаслит,помусолит,помылит,помысли,помыслив,помыслил,помыслим,помыслит,помыслите,помыслить,помыслят
ru-d-197	ляшмок	insertion	wordforms-unranked	лямок,ломок,ямок,яшмой,яшмою	ломок,лямок,ямок,яшмой,яшмою
ru-d-198	низкыопоклоннице	insertion	wordforms-unranked	низкопоклоннице,низкопоклоннике,низкопоклонниц,низкопоклонница,низкопоклонницей,низкопоклонницею,низкопоклонницу	низкопоклоннике,низкопоклонниц,низкопоклонница,низкопоклоннице,низкопоклонницей,низкопоклонницею,низкопоклонницу,низкопоклонницы
ru-d-199	навойднивший	insertion	wordforms-unranked	наводнивший,заводнивший,наводивший,наводнившей,наводнившие,наводнившим,наводнивших	заводнивший,наводивший,наводнившей,наводнившие,наводнивший,наводнившим,наводнивших,наводнявший
ru-d-200	мораилизаторское	insertion	wordforms-unranked	морализаторское,морализаторские,морализаторской,морализаторском,морализаторскою	морализаторские,морализаторское,морализаторской,морализаторском,морализаторскою
ru-d-201	зрмечательня	two-edits	frequent-1-5000	замечательно,замечательная,замечательна,замечательны	замечательна,замечательная,замечательно,замечательны
ru-d-202	меъяц	two-edits	frequent-1-5000	месяц,меня,месяца,месяце,месяцы,меняю,менял	медяк,мелям,мелях,меня,меняй,менял,меняю,меняя,меря,меряй,мерят,меряю,меряя,меся,месят,месяц,месяца,месяце,месяцу,месяцы,метя,метят,мец
ru-d-203	жистма	two-edits	frequent-1-5000	система,письма,листа,чиста,астма,ритма,виста	аиста,аистам,астма,виста,жеста,жестам,жестка,жита,истома,истра,истца,киста,кистома,листа,листам,листва,листка,письма,ритма,система,циста,чиста,чистка
ru-d-204	непритна	two-edits	frequent-1-5000	неприятна,неприятно,неприятная,небрита,неврита,нейрина,нейрита	небрита,неврита,нейрина,нейрита,неопрятна,неплотна,непризнан,неприметна,неприютная,неприятна,неприятная,неприятно,неприятны,непрочна,нефрита,репринта
ru-d-205	рищядь	two-edits	frequent-1-5000	присядь	присядь
ru-d-206	сдитат	two-edits	frequent-1-5000	считаю,считает,считать,считают,считал,считай,считая	диктат,сбита,сбитая,свита,свитам,свитах,свитая,сдирает,сдирай,сдирал,сдирать,сдираю,сдирают,сдирая,сдута,сдутая,сита,ситам,ситар,ситах,скита,скитам,скитах,слита,слитая,сличат,смита,спитая,стат,стишат,считав,считает,считай,считал,считать,считаю,считают,считая,сшита,сшитая,сюита,сюитам,сюитах,цитат
ru-d-207	чешть	two-edits	frequent-1-5000	честь,есть,черт,часть,чуть,шесть,черта	весть,вешать,веять,десть,деть,есть,ешь,жесть,лезть,лесть,месть,меть,мешать,несть,нефть,нешто,петь,решать,решить,реять,сесть,сеть,сеять,счесть,тесть,теть,тешить,тешь,уесть,уешь,учесть,чаешь,часть,чаять,червь,чернь,черт,черта,черте,черти,черту,черты,чертя,чесать,чести,честь,честью,чет,чета,чете,чету,четы,чешек,чешем,чешет,чешете,чешешь,чеши,чешись,чешите,чешка,чешке,чешки,чешку,чешу,чешуе,чешуи,чешусь,чешут,чешую,чешуя,чтешь,чтить,чуешь,чуть,чушь,чуять,шесть
ru-d-208	реёнпа	two-edits	frequent-1-5000	ребёнка,рейна,рента,репа,решёна	ребёнка,рейна,рента,репа,решёна
ru-d-209	ненаидщт	two-edits	frequent-1-5000	ненавидит,ненавидят	ненавидит,ненавидят
ru-d-210	отзелени	two-edits	frequent-1-5000	озелени,отделение,отделении,отделения,зелени,озеленив,озеленил	зелени,озелени,озеленив,озеленил,озеленим,озеленит,озеленю,отбелен,отбелена,отбелено,отбелены,отделен,отделена,отделение,отделении,отделений,отделению,отделения,отделено,отделены,отселен,отселена,отселение,отселении,отселению,отселения,отселено,отселены,отчлени
ru-d-211	коданд	two-edits	frequent-1-5000	команд,команда,команды,команду,команде,кода,подан	додан,додана,додано,доданы,каданс,канд,кован,кована,ковано,кованы,кода,кодак,кодака,кодаке,кодаку,кодам,кодами,кодах,кодон,кодона,кодоне,кодону,кодоны,кожан,кожана,кожане,кожану,кожаны,кокард,команд,команда,команде,команду,команды,коран,корана,коране,корану,корунд,кочан,кочана,кочане,кочану,кочаны,подан,подана,подано,поданы,роданид
ru-d-212	сглфсились	two-edits	frequent-1-5000	согласились,огласились,сгладились	огласились,сгладились,согласились
ru-d-213	убедиьсл	two-edits	frequent-1-5000	убедиться,убедись,убедил,убедимся,убедился,убедится,убедишься	убедил,убедился,убедимся,убедись,убедится,убедиться,убедишься
ru-d-214	тпюск	two-edits	frequent-1-5000	отпуск,трюк,спуск,писк,треск,пуск,впуск	впуск,отпуск,писк,пуск,спуск,таюсь,томск,треск,трюк,тюк
ru-d-215	асеных	two-edits	frequency-5001-50000	раненых,ученых,частных,арены,жареных,серых,аксенах	аксенах,аксены,аленах,алены,алчных,амебных,аренах,арены,басенных,вареных,гашеных,дареных,доеных,жареных,жженых,засечных,каленых,лесных,масленых,осевых,осенях,осиных,паленых,пареных,пасенных,пасечных,поеных,псиных,раненых,саечных,сажных,санных,сапных,седых,сенных,сены,сенях,серных,серых,сетных,сеяных,тесных,устных,ученых,частных,ясенях,ясных
ru-d-216	нттмнгем	two-edits	frequency-5001-50000	ноттингем	ноттингем
ru-d-217	иопчанетян	two-edits	frequency-5001-50000	инопланетян	инопланетян
ru-d-218	выбащил	two-edits	frequency-5001-50000	вытащил,вытащи,вытащим,вытащили,вытащила,выбил,вытащит	втащил,выбелил,выбил,выбранил,выбрил,вывалил,выварил,выдавил,выкатил,вылазил,вылощил,вылущил,выманил,выпалил,выпарил,выразил,высадил,вытащи,вытащив,вытащил,вытащила,вытащили,вытащило,вытащим,вытащит,рыбачил
ru-d-219	паяёшь	two-edits	frequency-5001-50000	падёшь,пасёшь,паяешь,даёшь,пьёшь,поёшь,спасёшь	ваяешь,впадёшь,впаяешь,даёшь,падешь,падёшь,палишь,паришь,пасешь,паснёшь,пасёшь,пашешь,паяешь,паять,печёшь,плюёшь,пнёшь,поёшь,прядёшь,прёшь,пхнёшь,пьёшь,спадёшь,спасёшь,спаяешь,упадёшь,упасёшь
ru-d-220	узрыти	two-edits	frequency-5001-50000	укрытие,укрытия,узрите,узри,укрытии,взрытие,взрытии	взрытие,взрытии,взрытию,взрытия,изрыт,изрыта,изрыто,изрыты,прыти,узости,узрели,узреть,узри,узрит,узрите,узрят,укроти,укрыли,укрыт,укрыта,укрытие,укрытии,укрытий,укрытию,укрытия,укрыто,укрыты,укрыть
ru-d-221	потзд	two-edits	frequency-5001-50000	поезд,потом,под,повод,поезда,поезде,поход	отд,побед,повод,под,поезд,поезда,поезде,поезди,поезду,поз,поза,позе,позу,позы,полз,ползи,ползу,ползя,помад,пород,посад,пот,пота,потам,потап,потах,поташ,поте,потей,потек,потел,потер,потех,потею,потея,поти,потир,потов,поток,потом,потоп,потри,потру,поту,потуг,потух,поты,потёк,потёр,поход,проезд
ru-d-222	виновосуи	two-edits	frequency-5001-50000	виновности	виновности
ru-d-223	отраилзсь	two-edits	frequency-5001-50000	отразилось,отравилась,отравились,отравилось,отравлюсь,отразилась,отразились	отравилась,отравились,отравилось,отравлюсь,отразилась,отразились,отразилось,отразись
ru-d-224	вреом	two-edits	frequency-5001-50000	вроем,врем,вредом,время,всем,вреда,вред	аром,бредом,бреем,брехом,бром,ваком,валом,варевом,вареном,варом,вдетом,ведром,веером,веком,вередом,верим,верном,верой,верою,верхом,весом,ветром,взлом,взрезом,видом,вином,витом,влетом,воем,возом,волом,вором,ворсом,врагом,врачом,вред,вреда,вреде,вреди,вредим,вредном,вредом,вреду,вредя,врежем,врежу,врежь,врезном,врезок,врем,время,врет,врете,врешь,вроем,вроет,врой,врос,врою,вруном,врытом,врём,всем,втроем,вузом,выем,вырезом,выроем,вьем,вязом,вялом,греем,греком,грехом,гром,древом,евреем,евреям,ером,ершом,жрем,жрецом,зреем,зрелом,крезом,крем,кремом,креном,креол,крепом,кроем,орем,ореол,орехом,орлом,ортом,пером,преем,прелом,прем,проем,пром,рвем,рвом,ревом,реем,резом,реям,роем,ром,ртом,сером,срезом,сроем,треком,трем,трепом,трефом,урезом,фредом,фреон,хером,хреном,хром,чревом,эргом,юрком,ярдом,ярком,ярмом,яром
ru-d-225	такаыь	two-edits	frequency-5001-50000	такая,ткань,таскать,тыкать,акать,какать,лакать	акать,какать,лакать,макать,такая,таксы,такты,тамань,тарань,таскать,тачать,тащась,тикать,ткань,ткать,токарь,тукать,тыкать,тюкать
ru-d-226	касищ	two-edits	frequency-5001-50000	капищ,косищ,какие,каким,каких,красив,камин	бабищ,баси,басил,басим,басит,валищ,васи,гаси,гасил,гасим,гасит,засим,кабин,кадил,кадим,кадит,каик,каин,каир,какие,каким,каких,кали,калии,калий,калил,калим,калит,калиф,калию,калия,камин,капищ,капища,капище,капищу,карие,карий,карим,карих,каска,каске,каски,каску,касок,каспии,каспий,каспию,каспия,касс,касса,кассе,кассир,кассу,кассы,каст,каста,касте,касту,касты,кати,катил,катим,катит,каши,квасил,квасим,квасит,коси,косил,косим,косит,косиц,косищ,косища,косище,косищи,косищу,красив,красил,красим,красит,кси,ксив,лапищ,паси,усищ,хасид,часик
ru-d-227	илучилсь	two-edits	frequency-5001-50000	случилось,случился,случилась,случились,случись,излучилась,излучились	излучилась,излучились,излучилось,излучился,лучилась,лучились,лучилось,лучился,случилась,случились,случилось,случился,случись,улучилась,улучились,улучилось,улучился
ru-d-228	просужнт	two-edits	wordforms-unranked	прослужат,прослужит,просунет,просуну,просунут,просунь,просушат	прослужат,прослужит,просунет,просуну,просунут,просунь,просушат,просушит
ru-d-229	невеояынейшем	two-edits	wordforms-unranked	невероятнейшем	невероятнейшем
ru-d-230	бертрадида	two-edits	wordforms-unranked	бертрандита	бертрандита
ru-d-231	костёьнсму	two-edits	wordforms-unranked	костёльному	костёльному
ru-d-232	кэрситивное	two-edits	wordforms-unranked	коэрцитивное	коэрцитивное
ru-d-233	подскобленох	two-edits	wordforms-unranked	подскоблено,подскоблен,подскоблена,подскобленное,подскобленной,подскобленном,подскобленною	подскоблен,подскоблена,подскобленное,подскобленной,подскобленном,подскобленною,подскобленных,подскоблено,подскоблены
ru-d-234	пцсерьезнет	two-edits	wordforms-unranked	посерьезнее,посерьезнев,посерьезнеет,посерьезней,посерьезнел,посерьезнеть,посерьезнею	посерьезнев,посерьезнее,посерьезнеет,посерьезней,посерьезнел,посерьезнеть,посерьезнею,посерьезнеют
ru-d-235	хальогшниды	two-edits	wordforms-unranked	халькогениды	халькогениды
ru-d-236	разгадютчя	two-edits	wordforms-unranked	разгадаются	разгадаются
ru-d-237	перепиывбющее	two-edits	wordforms-unranked	переписывающее,переплывающее	переписывающее,переплывающее
ru-d-238	согнашек	two-edits	wordforms-unranked	монашек,согнавшее,согнавшей,согнавшем,согнавшею	монашек,согнавшее,согнавшей,согнавшем,согнавшею
ru-d-239	ззрекаюую	two-edits	wordforms-unranked	изрекающую	изрекающую
ru-d-240	удясятеряемы	two-edits	wordforms-unranked	удесятеряем,удесятеряемые,удесятеряемый,удесятеряемым,удесятеряемых	удесятеряем,удесятеряемые,удесятеряемый,удесятеряемым,удесятеряемых
